ts_date,Column6,create_time,Column8,Column10,Column12,Column15,Column16,Column17,price,Column22,ts_lag,twap_roll_5,twap_roll_10,time,diff,diff2,zcore-5,mean,2zcore-5
2022-12-22 09:00:30,,2022-12-22 09:00:30,,,"id:""220215_1141398325_20221222-09:00""","net_price:""99.456""",,,3.025,,0,,,09:00:30,,,,,
2022-12-22 09:14:18,,2022-12-22 09:14:18,,,"id:""220215_2030605418_20221222-09:14""","net_price:""99.6608""",,,3.0,,828,3.0,3.0,09:14:18,0.0,0.0,,,
2022-12-22 09:15:03,,2022-12-22 09:15:03,,,"id:""220215_2080938061_20221222-09:15""","net_price:""99.6608""",,,3.0,,45,3.0,3.0,09:15:03,0.0,0.0,,,
2022-12-22 09:18:35,,2022-12-22 09:18:35,,,"id:""220215_134782710_20221222-09:18:""","net_price:""99.4765""",,,3.0225,,212,3.0043963133640554,3.0043963133640554,09:18:35,0.018103686635944527,0.0,,,
2022-12-22 09:26:26,"company_id:""4""",2022-12-22 09:26:26,"deal_status:""0""","full_price:""100.8397""","id:""PATRe1055416015298539521""","net_price:""99.5584""","operate:""1""","pre_closePrice:""99.517""",3.0125,"volume:""""",471,3.0125,3.0156039531478775,09:26:26,0.0,-0.0031039531478773696,,,
2022-12-22 09:27:37,"company_id:""1""",2022-12-22 09:27:37,"deal_status:""0""","full_price:""100.8315""","id:""TPSHe1055416312521699329""","net_price:""99.5583""","operate:""1""","pre_closePrice:""99.517""",3.0125,"volume:""1000""",71,3.0125,3.015311671087533,09:27:37,0.0,-0.0028116710875329964,,,
2022-12-22 09:28:28,"company_id:""5""",2022-12-22 09:28:28,"deal_status:""0""","full_price:""100.8315""","id:""TJXT221222052024000000000004""","net_price:""99.5583""","operate:""1""","pre_closePrice:""99.497""",3.0125,"volume:""1000""",51,3.0125,3.0151335403726707,09:28:28,0.0,-0.0026335403726704953,-0.5000000000000001,-0.0011831248470820731,-0.9989287860450491
2022-12-22 09:29:33,"company_id:""4""",2022-12-22 09:29:33,"deal_status:""0""","full_price:""100.8397""","id:""PATRe1055416800518385665""","net_price:""99.5584""","operate:""1""","pre_closePrice:""99.517""",3.0125,"volume:""""",65,3.0125,3.0125,09:29:33,0.0,0.0,-0.5000000000000001,-0.0017098329216161724,1.2177165966032553
2022-12-22 09:29:53,"company_id:""4""",2022-12-22 09:29:53,"deal_status:""0""","full_price:""100.8397""","id:""PATRe1055416881908854785""","net_price:""99.5584""","operate:""0""","pre_closePrice:""99.517""",3.0125,"volume:""""",20,3.0125,3.0125,09:29:53,0.0,0.0,-0.5000000000000001,-0.0017098329216161724,1.2177165966032553
2022-12-22 09:32:26,,2022-12-22 09:32:26,,,"id:""220215_1007207295_20221222-09:32""","net_price:""99.5584""",,,3.0125,,153,3.0125,3.0125,09:32:26,0.0,0.0,-0.5000000000000001,-0.0017098329216161724,1.2177165966032553
2022-12-22 09:33:48,"company_id:""4""",2022-12-22 09:33:48,"deal_status:""0""","full_price:""100.8193""","id:""PATRe1055417869294153729""","net_price:""99.538""","operate:""0""","pre_closePrice:""99.517""",3.015,"volume:""""",82,3.0131406249999997,3.0127245345016433,09:33:48,0.0018593750000004405,0.00041609049835633627,,-0.0010890422920406984,1.1274505008998874
2022-12-22 09:34:49,,2022-12-22 09:34:49,,,"id:""220215_1141426747_20221222-09:34""","net_price:""99.4805""",,,3.022,,61,3.014982594936709,3.0133054414784395,09:34:49,0.007017405063290738,0.0016771534582695757,8.935166471649264,-0.0004434899748628318,1.9159790924096924
2022-12-22 09:35:23,"company_id:""1""",2022-12-22 09:35:23,"deal_status:""0""","full_price:""100.8193""","id:""TPSHe1055418265511276545""","net_price:""99.538""","operate:""0""","pre_closePrice:""99.517""",3.015,"volume:""3000""",34,3.0151348484848484,3.0133625992063493,09:35:23,-0.00013484848484823786,0.0017722492784990607,-0.7027580247019891,0.0004186487913251824,2.083872907143435
2022-12-22 09:36:34,"company_id:""1""",2022-12-22 09:36:34,"deal_status:""0""","full_price:""100.8193""","id:""TPSHe1055418566012186625""","net_price:""99.538""","operate:""0""","pre_closePrice:""99.517""",3.015,"volume:""2000""",71,3.015110972568578,3.014222039473684,09:36:34,-0.00011097256857794946,0.0008889330948940177,-0.6795296010711172,0.0007730986470249945,0.14620632804785375
2022-12-22 09:36:41,"company_id:""3""",2022-12-22 09:36:41,"deal_status:""0""","full_price:""100.8193""","id:""BGC22021511009229455""","net_price:""99.538""","operate:""0""","pre_closePrice:""99.517""",3.015,"volume:""""",7,3.0151090686274507,3.014230894308943,09:36:41,-0.00010906862745052592,0.000878174318507785,-0.6671860887310619,0.000950885266003798,-0.10503391668991514
2022-12-22 09:36:48,"company_id:""3""",2022-12-22 09:36:48,"deal_status:""0""","full_price:""100.8193""","id:""BGC22021511009229473""","net_price:""99.538""","operate:""0""","pre_closePrice:""99.517""",3.015,"volume:""""",7,3.0151072289156624,3.0142395498392283,09:36:48,-0.00010722891566228299,0.0008676790764341469,-0.6552524338828754,0.0011265201297053552,-0.49943697105932205
2022-12-22 09:45:05,"company_id:""3""",2022-12-22 09:45:05,"deal_status:""0""","full_price:""100.8193""","id:""BGC22021511009229717""","net_price:""99.538""","operate:""0""","pre_closePrice:""99.517""",3.015,"volume:""""",497,3.015,3.015,09:45:05,0.0,0.0,-0.4595055258147558,0.0012168378453209171,-2.926412502129198
2022-12-22 09:45:23,"company_id:""1""",2022-12-22 09:45:23,"deal_status:""0""","full_price:""100.8193""","id:""TPSHe1055420782664101889""","net_price:""99.538""","operate:""0""","pre_closePrice:""99.517""",3.015,"volume:""2000""",18,3.015,3.015,09:45:23,0.0,0.0,1.9543514062889187,0.000881407153667002,-1.5725710515156173
2022-12-22 09:47:34,"company_id:""4""",2022-12-22 09:47:34,"deal_status:""0""","full_price:""100.8193""","id:""PATRe1055421333894115329""","net_price:""99.538""","operate:""0""","pre_closePrice:""99.517""",3.015,"volume:""""",131,3.015,3.015,09:47:34,0.0,0.0,1.2244444656942113,0.00052695729796719,-1.2245954609561305
2022-12-22 09:47:45,"company_id:""4""",2022-12-22 09:47:45,"deal_status:""0""","full_price:""100.8193""","id:""PATRe1055421379712692225""","net_price:""99.538""","operate:""0""","pre_closePrice:""99.517""",3.015,"volume:""""",11,3.0150000000000006,3.015,09:47:45,-4.440892098500626e-16,4.440892098500626e-16,0.8164473622069266,0.0003491706789883864,-0.8164719929448763
2022-12-22 10:01:42,,2022-12-22 10:01:42,,,"id:""220215_688451968_20221222-10:01:""","net_price:""99.5216""",,,3.017,,837,3.017,3.017,10:01:42,0.0,0.0,0.500000000004206,0.0001735358152869182,-0.5000000000003195
2022-12-22 10:04:06,"company_id:""4""",2022-12-22 10:04:06,"deal_status:""0""","full_price:""100.8193""","id:""PATRe1055425491397292033""","net_price:""99.538""","operate:""1""","pre_closePrice:""99.517""",3.015,"volume:""""",144,3.0167064220183484,3.0167064220183484,10:04:06,-0.0017064220183482526,0.0,,8.881784197001253e-17,-5.819473811288747e-06
2022-12-22 10:04:29,"company_id:""4""",2022-12-22 10:04:29,"deal_status:""0""","full_price:""100.8193""","id:""PATRe1055425588126330884""","net_price:""99.538""","operate:""1""","pre_closePrice:""99.517""",3.015,"volume:""""",23,3.016667330677291,3.016667330677291,10:04:29,-0.001667330677290746,0.0,-1.9427290836657585,8.881784197001253e-17,-5.819473811288747e-06
2022-12-22 10:06:15,,2022-12-22 10:06:15,,,"id:""220215_1007220705_20221222-10:06""","net_price:""99.4765""",,,3.0225,,106,3.017224324324324,3.017224324324324,10:06:15,0.005275675675675995,0.0,7.199637345193662,8.881784197001253e-17,-5.819473811288747e-06
2022-12-22 10:07:45,"company_id:""3""",2022-12-22 10:07:45,"deal_status:""0""","full_price:""100.8029""","id:""BGC22021511009231084""","net_price:""99.5216""","operate:""1""","pre_closePrice:""99.517""",3.017,"volume:""""",90,3.0176859504132234,3.0172075,10:07:45,-0.0006859504132235017,0.00047845041322336357,-0.4163265170551186,8.881784197001253e-17,31348764.93276201
2022-12-22 10:09:50,,2022-12-22 10:09:50,,,"id:""220215_1191770791_20221222-10:09""","net_price:""99.538""",,,3.015,,125,3.01803738317757,3.016999245283019,10:09:50,-0.0030373831775700744,0.0010381378945512054,-1.2636419679855986,9.569008264467271e-05,4.924480081212461
2022-12-22 10:11:16,"company_id:""4""",2022-12-22 10:11:16,"deal_status:""0""","full_price:""100.8193""","id:""PATRe1055427295518437380""","net_price:""99.538""","operate:""1""","pre_closePrice:""99.517""",3.015,"volume:""""",86,3.015598006644518,3.016877391920623,10:11:16,-0.0005980066445179233,-0.0012793852761050495,-0.08011282602976227,0.0003033176615549138,-3.8462346084553003
2022-12-22 10:11:33,,2022-12-22 10:11:33,,,"id:""220215_1309211894_20221222-10:11""","net_price:""99.5543""",,,3.013,,17,3.015459119496855,3.016831232492997,10:11:33,-0.0024591194968550667,-0.0013721129961421497,-0.8132908476742532,4.74406063339039e-05,-1.853696447657809
2022-12-22 10:12:45,,2022-12-22 10:12:45,,,"id:""220215_1376321086_20221222-10:12""","net_price:""99.538""",,,3.015,,72,3.0148866666666665,3.016419306184012,10:12:45,0.00011333333333363171,-0.001532639517345391,0.1404882240106952,-0.00022698199289452602,-1.3659176907833037
2022-12-22 10:21:55,,2022-12-22 10:21:55,,,"id:""220215_1946682979_20221222-10:21""","net_price:""99.538""",,,3.015,,550,3.015,3.0149999999999997,10:21:55,0.0,4.440892098500626e-16,1.1093530595193162,-0.0005335098963636043,0.4974146631861404
2022-12-22 10:24:32,"company_id:""2""",2022-12-22 10:24:32,"deal_status:""0""","full_price:""100.7988""","id:""ICAP2202157000579532""","net_price:""99.5175""","operate:""1""","pre_closePrice:""99.497""",3.0175,"volume:""""",157,3.015555162659123,3.015555162659123,10:24:32,0.0019448373408770259,0.0,2.410719963686689,-0.0006291999790081881,0.6313011715521216
2022-12-22 10:24:46,"company_id:""2""",2022-12-22 10:24:46,"deal_status:""0""","full_price:""100.7988""","id:""ICAP2202157000579533""","net_price:""99.5175""","operate:""0""","pre_closePrice:""99.497""",3.0175,"volume:""""",14,3.0155929264909846,3.0155929264909846,10:24:46,0.0019070735090154223,0.0,1.4897383998069136,-0.0008368275579184292,1.2162207609395181
2022-12-22 10:29:35,"company_id:""3""",2022-12-22 10:29:35,"deal_status:""0""","full_price:""100.8029""","id:""BGC22021511009231745""","net_price:""99.5216""","operate:""1""","pre_closePrice:""99.517""",3.017,"volume:""""",289,3.0170231023102314,3.0159955445544555,10:29:35,-2.310231023150422e-05,0.0010275577557758986,-0.20094029144070608,-0.0005809505026974193,2.254945457829381
2022-12-22 10:30:07,"company_id:""3""",2022-12-22 10:30:07,"deal_status:""0""","full_price:""100.8029""","id:""BGC22021511009231778""","net_price:""99.5216""","operate:""1""","pre_closePrice:""99.517""",3.017,"volume:""""",32,3.0170000000000003,3.0160263915547025,10:30:07,-4.440892098500626e-16,0.0009736084452978133,-0.8477623202498251,-0.00010101635231380967,1.3121118688207065
2022-12-22 10:30:08,"company_id:""1""",2022-12-22 10:30:08,"deal_status:""0""","full_price:""100.7988""","id:""TPSHe1055432043535675393""","net_price:""99.5175""","operate:""1""","pre_closePrice:""99.517""",3.0175,"volume:""3000""",1,3.0170015527950316,3.016027804410355,10:30:08,0.0004984472049684996,0.0009737483846765649,-0.28215380985482724,0.0004002332402148312,1.169292686514563
2022-12-22 10:30:15,"company_id:""6""",2022-12-22 10:30:15,"deal_status:""0""","full_price:""100.7988""","id:""UEDA221222061024000000000017""","net_price:""99.5175""","operate:""1""","pre_closePrice:""99.456""",3.0175,"volume:""1000""",7,3.0170121580547113,3.0160376190476192,10:30:15,0.00048784194528872504,0.0009745390070921012,-0.4262880056212382,0.0005949829171500553,0.7806587782248947
2022-12-22 10:31:10,,2022-12-22 10:31:10,,,"id:""220215_419959463_20221222-10:31:""","net_price:""99.4969""",,,3.02,,55,3.017440104166667,3.0162348416289593,10:31:10,0.002559895833333048,0.0012052625377076964,2.8218579819245355,0.0007898907185684756,1.0502699457537923
2022-12-22 10:32:42,,2022-12-22 10:32:42,,,"id:""220215_487068592_20221222-10:32:""","net_price:""99.538""",,,3.015,,92,3.0169684873949585,3.017108964451314,10:32:42,-0.0019684873949583626,-0.00014047705635533703,-2.7998316007806796,0.001030943226110015,-13.074237759941122
2022-12-22 10:33:18,"company_id:""3""",2022-12-22 10:33:18,"deal_status:""0""","full_price:""100.8029""","id:""BGC22021511009231978""","net_price:""99.5216""","operate:""1""","pre_closePrice:""99.517""",3.017,"volume:""""",36,3.016970703125,3.0171032210834556,10:33:18,2.929687499975131e-05,-0.0001325179584554803,-0.19831513829331493,0.0007973362636837678,-1.9477997498860438
2022-12-22 10:37:09,"company_id:""6""",2022-12-22 10:37:09,"deal_status:""0""","full_price:""100.7988""","id:""UEDA221222061024000000000023""","net_price:""99.5175""","operate:""1""","pre_closePrice:""99.456""",3.0175,"volume:""2000""",231,3.0168091922005575,3.017135262449529,10:37:09,0.0006908077994425277,-0.00032607024897135517,0.2561535143017019,0.000576110982933109,-1.5344880578804392
2022-12-22 10:38:04,"company_id:""6""",2022-12-22 10:38:04,"deal_status:""0""","full_price:""100.7988""","id:""UEDA221222061024000000000025""","net_price:""99.5175""","operate:""1""","pre_closePrice:""99.456""",3.0175,"volume:""1000""",55,3.0174440993788822,3.0171604010025064,10:38:04,5.590062111782146e-05,0.0002836983763758738,-0.20979409581673236,0.000316147256203525,-0.050722985604243605
2022-12-22 10:39:14,,2022-12-22 10:39:14,,,"id:""220215_923278758_20221222-10:39:""","net_price:""99.5175""",,,3.0175,,70,3.0175,3.017187788018433,10:39:14,0.0,0.00031221198156705654,-0.188405093380975,0.00017797913006027953,0.24358700025792915
2022-12-22 10:40:34,"company_id:""3""",2022-12-22 10:40:34,"deal_status:""0""","full_price:""100.7988""","id:""BGC22021511009232452""","net_price:""99.5175""","operate:""0""","pre_closePrice:""99.517""",3.0175,"volume:""""",80,3.0175,3.0173214862681745,10:40:34,0.0,0.00017851373182553587,0.2642876846899032,-6.309811678484323e-07,0.7063946034812636
2022-12-22 10:41:12,"company_id:""5""",2022-12-22 10:41:12,"deal_status:""0""","full_price:""100.7988""","id:""TJXT221222052024000000000037""","net_price:""99.5175""","operate:""0""","pre_closePrice:""99.497""",3.0175,"volume:""1000""",38,3.0175,3.0170880398671094,10:41:12,0.0,0.00041196013289068745,-0.5777892206218592,6.316717646832614e-05,1.3923663087713876
2022-12-22 10:46:10,,2022-12-22 10:46:10,,,"id:""220215_1376265517_20221222-10:46""","net_price:""99.4969""",,,3.02,,298,3.0197172619047628,3.018465025906736,10:46:10,0.0002827380952372671,0.0012522359980269293,0.49115505439898033,0.0001720627947375597,4.155537965243892
2022-12-22 10:51:21,,2022-12-22 10:51:21,,,"id:""220215_1695033467_20221222-10:51""","net_price:""99.4765""",,,3.0225,,311,3.0225,3.0212766830870277,10:51:21,0.0,0.0012233169129722832,-0.6175957429400969,0.0004877240441372166,1.8889186157410618
2022-12-22 10:52:17,"company_id:""1""",2022-12-22 10:52:17,"deal_status:""0""","full_price:""100.8029""","id:""TPSHe1055437619091091458""","net_price:""99.5216""","operate:""0""","pre_closePrice:""99.517""",3.017,"volume:""2000""",56,3.021660762942779,3.0209165413533836,10:52:17,-0.004660762942779062,0.0007442215893953552,-41.71095654681838,0.0006756477514564985,0.14746860940456655
2022-12-22 10:55:27,"company_id:""3""",2022-12-22 10:55:27,"deal_status:""0""","full_price:""100.8029""","id:""BGC22021511009233046""","net_price:""99.5216""","operate:""0""","pre_closePrice:""99.517""",3.017,"volume:""""",190,3.0200709156193897,3.0200461988304097,10:55:27,-0.003070915619389769,2.4716788979972648e-05,-1.1580204578125233,0.0007620496730221582,-1.722247031051356
2022-12-22 10:58:50,"company_id:""3""",2022-12-22 10:58:50,"deal_status:""0""","full_price:""100.8029""","id:""BGC22021511009233165""","net_price:""99.5216""","operate:""1""","pre_closePrice:""99.517""",3.017,"volume:""""",203,3.017,3.019250657894737,10:58:50,0.0,-0.002250657894736996,0.7423773482194113,0.0007312902844530455,-6.315023688990349
2022-12-22 11:02:56,,2022-12-22 11:02:56,,,"id:""220215_235418444_20221222-11:02:""","net_price:""99.4969""",,,3.02,,246,3.0186436525612472,3.018154929577465,11:02:56,0.0013563474387527918,0.0004887229837824414,1.4182597903704548,0.00019876667892750887,0.22255664262495015
2022-12-22 11:03:58,"company_id:""1""",2022-12-22 11:03:58,"deal_status:""0""","full_price:""100.8111""","id:""TPSHe1055440559956701185""","net_price:""99.5298""","operate:""0""","pre_closePrice:""99.517""",3.016,"volume:""2000""",62,3.0191948051948048,3.0179643366619113,11:03:58,-0.0031948051948047507,0.0012304685328934362,-0.8608791369081827,4.606407607861129e-05,0.9772338893067583
2022-12-22 11:04:24,"company_id:""1""",2022-12-22 11:04:24,"deal_status:""0""","full_price:""100.8193""","id:""TPSHe1055440668786307076""","net_price:""99.538""","operate:""0""","pre_closePrice:""99.517""",3.015,"volume:""5000""",26,3.0188682634730535,3.0178583218707016,11:04:24,-0.003868263473053357,0.0010099416023519048,-0.8760275223927401,4.749440006284189e-05,0.7931894491748781
2022-12-22 11:04:24,"company_id:""1""",2022-12-22 11:04:24,"deal_status:""0""","full_price:""100.8193""","id:""TPSHe1055440668798889985""","net_price:""99.538""","operate:""0""","pre_closePrice:""99.517""",3.015,"volume:""3000""",0,3.0188682634730535,3.0178583218707016,11:04:24,-0.003868263473053357,0.0010099416023519048,-1.0301480741653504,0.00010063840265415181,0.7285710778990095
2022-12-22 11:04:24,"company_id:""1""",2022-12-22 11:04:24,"deal_status:""0""","full_price:""100.8193""","id:""TPSHe1055440668807278593""","net_price:""99.538""","operate:""0""","pre_closePrice:""99.517""",3.015,"volume:""5000""",0,3.0188682634730535,3.0178583218707016,11:04:24,-0.003868263473053357,0.0010099416023519048,-0.8983538289834258,0.00029768336532853823,0.5490209836874564
2022-12-22 11:04:31,,2022-12-22 11:04:31,,,"id:""220215_352859548_20221222-11:04:""","net_price:""99.5365""",,,3.0152,,7,3.0187929618768328,3.0178329700272477,11:04:31,-0.0035929618768326677,0.0009599918495850623,-0.44345379268497315,0.0009498032647463183,0.04144181740945733
2022-12-22 11:04:43,"company_id:""5""",2022-12-22 11:04:43,"deal_status:""0""","full_price:""100.8438""","id:""TJXT221222052024000000000049""","net_price:""99.5382""","operate:""0""","pre_closePrice:""99.497""",3.015,"volume:""5000""",12,3.018664022662889,3.017787399463807,11:04:43,-0.0036640226628890105,0.0008766231990819939,0.05481687009347435,0.0010440570379068425,-1.7589026225844455
2022-12-22 11:04:44,"company_id:""5""",2022-12-22 11:04:44,"deal_status:""0""","full_price:""100.8193""","id:""TJXT221222052024000000000052""","net_price:""99.538""","operate:""0""","pre_closePrice:""99.497""",3.015,"volume:""3000""",1,3.018653672316384,3.0177836680053547,11:04:44,-0.0036536723163838047,0.0008700043110292377,0.9923835287454946,0.0009732879711445541,-1.983926801877976
2022-12-22 11:04:44,"company_id:""5""",2022-12-22 11:04:44,"deal_status:""0""","full_price:""100.8193""","id:""TJXT221222052024000000000053""","net_price:""99.538""","operate:""0""","pre_closePrice:""99.497""",3.015,"volume:""5000""",0,3.018653672316384,3.0177836680053547,11:04:44,-0.0036536723163838047,0.0008700043110292377,0.6535772924727952,0.0009453005128800207,-1.2227899869422691
2022-12-22 11:05:06,"company_id:""3""",2022-12-22 11:05:06,"deal_status:""0""","full_price:""100.8193""","id:""BGC22021511009233305""","net_price:""99.538""","operate:""0""","pre_closePrice:""99.517""",3.015,"volume:""""",22,3.018439893617021,3.017704031209363,11:05:06,-0.003439893617021017,0.0007358624076583276,2.6157510248534432,0.0009173130546154873,-3.1554557396200007
2022-12-22 11:05:10,"company_id:""6""",2022-12-22 11:05:10,"deal_status:""0""","full_price:""100.8193""","id:""UEDA221222061024000000000029""","net_price:""99.538""","operate:""0""","pre_closePrice:""99.456""",3.015,"volume:""2000""",4,3.0184036842105257,3.0176900388098318,11:05:10,-0.003403684210525615,0.000713645400693963,2.3385339054518917,0.0008624972156767718,-2.070030066550207
2022-12-22 11:05:52,,2022-12-22 11:05:52,,,"id:""220215_419968827_20221222-11:05:""","net_price:""99.4969""",,,3.02,,42,3.018562559241706,3.01805504,11:05:52,0.0014374407582939952,0.0005075192417058894,43.1375494262728,0.000813227925898552,-4.209715118281843
2022-12-22 11:06:11,"company_id:""5""",2022-12-22 11:06:11,"deal_status:""0""","full_price:""100.8193""","id:""TJXT221222052024000000000058""","net_price:""99.538""","operate:""0""","pre_closePrice:""99.497""",3.015,"volume:""3000""",19,3.018409070294785,3.0179649068322982,11:06:11,-0.003409070294784655,0.0004441634624865465,-0.434751751580062,0.0007394071344233311,-2.218442063242661
2022-12-22 11:06:23,"company_id:""5""",2022-12-22 11:06:23,"deal_status:""0""","full_price:""100.8193""","id:""TJXT221222052024000000000059""","net_price:""99.538""","operate:""0""","pre_closePrice:""99.497""",3.015,"volume:""5000""",12,3.018318763796909,3.017910670731707,11:06:23,-0.0033187637969089856,0.0004080930652019532,-0.41924943252452385,0.0006542389647147928,-1.5731812319629952
2022-12-22 11:08:53,,2022-12-22 11:08:53,,,"id:""220215_604519159_20221222-11:08:""","net_price:""99.4765""",,,3.0225,,150,3.018917086834734,3.019358872305141,11:08:53,0.003582913165265822,-0.00044178547040685245,3.1097522255929615,0.0005618567155493359,-7.328967832667145
2022-12-22 11:09:49,"company_id:""3""",2022-12-22 11:09:49,"deal_status:""0""","full_price:""100.8193""","id:""BGC22021511009233555""","net_price:""99.538""","operate:""0""","pre_closePrice:""99.517""",3.015,"volume:""""",56,3.019377049180328,3.01898846737481,11:09:49,-0.0043770491803276634,0.000388581805517596,-1.1321992477369076,0.0003263271399362999,0.1562812802969213
2022-12-22 11:10:45,"company_id:""3""",2022-12-22 11:10:45,"deal_status:""0""","full_price:""100.8193""","id:""BGC22021511009233601""","net_price:""99.538""","operate:""0""","pre_closePrice:""99.517""",3.015,"volume:""""",56,3.018985074626866,3.018676083916084,11:10:45,-0.003985074626865703,0.00030899071078183127,-0.8816207127197733,0.0002613144209010265,0.13472598963805113
2022-12-22 11:11:11,,2022-12-22 11:11:11,,,"id:""220215_805846550_20221222-11:11:""","net_price:""99.5379""",,,3.015,,26,3.01875,3.018547098515519,11:11:11,-0.003749999999999698,0.00020290148448065537,-0.4881525380873955,0.0002216087147162149,-0.05590280969709713
2022-12-22 11:11:34,"company_id:""1""",2022-12-22 11:11:34,"deal_status:""0""","full_price:""100.8193""","id:""TPSHe1055442470571225092""","net_price:""99.538""","operate:""1""","pre_closePrice:""99.517""",3.015,"volume:""5000""",23,3.018617363344051,3.0184403141361256,11:11:34,-0.00361736334405105,0.00017704920792560586,-0.4164857347148172,0.0001733563191150367,0.011688553415473207
2022-12-22 11:11:40,"company_id:""1""",2022-12-22 11:11:40,"deal_status:""0""","full_price:""100.8193""","id:""TPSHe1055442498199105537""","net_price:""99.538""","operate:""1""","pre_closePrice:""99.517""",3.015,"volume:""1000""",6,3.0185488958990536,3.018413506493506,11:11:40,-0.0035488958990534947,0.00013538940554758128,-0.37106979014199093,0.0001271475476597672,0.02799635790618298
2022-12-22 11:16:33,,2022-12-22 11:16:33,,,"id:""220215_1107837577_20221222-11:16""","net_price:""99.5379""",,,3.015,,293,3.015,3.016844262295082,11:16:33,0.0,-0.0018442622950818333,12.843006494007415,0.00024258252285065397,-22.480712937410733
2022-12-22 11:16:41,"company_id:""1""",2022-12-22 11:16:41,"deal_status:""0""","full_price:""100.8193""","id:""TPSHe1055443759430512641""","net_price:""99.538""","operate:""0""","pre_closePrice:""99.517""",3.015,"volume:""5000""",8,3.015,3.0168203883495144,11:16:41,0.0,-0.001820388349514257,1.9900888626404878,-0.0002039862972692319,-1.96609057443255
2022-12-22 11:16:47,"company_id:""1""",2022-12-22 11:16:47,"deal_status:""0""","full_price:""100.8193""","id:""TPSHe1055443785720410113""","net_price:""99.538""","operate:""0""","pre_closePrice:""99.517""",3.015,"volume:""2000""",6,3.0150000000000006,3.0168028846153847,11:16:47,-4.440892098500626e-16,-0.0018028846153841371,1.2239398501340941,-0.0006298621093284495,-1.1944358122706675
2022-12-22 11:16:57,"company_id:""5""",2022-12-22 11:16:57,"deal_status:""0""","full_price:""100.8193""","id:""TJXT221222052024000000000062""","net_price:""99.538""","operate:""0""","pre_closePrice:""99.497""",3.015,"volume:""5000""",10,3.015,3.0167744479495266,11:16:57,0.0,-0.0017744479495265253,0.8164344787561583,-0.001031019329301408,-0.7667731857769743
2022-12-22 11:16:57,"company_id:""5""",2022-12-22 11:16:57,"deal_status:""0""","full_price:""100.8438""","id:""TJXT221222052024000000000063""","net_price:""99.5382""","operate:""0""","pre_closePrice:""99.497""",3.015,"volume:""5000""",0,3.015,3.0167744479495266,11:16:57,0.0,-0.0017744479495265253,0.5000000000000795,-0.0014213187607918342,-0.45349284068233414
2022-12-22 11:17:28,"company_id:""1""",2022-12-22 11:17:28,"deal_status:""0""","full_price:""100.8193""","id:""TPSHe1055443958378934276""","net_price:""99.538""","operate:""1""","pre_closePrice:""99.517""",3.015,"volume:""2000""",31,3.015,3.0166917293233086,11:17:28,0.0,-0.0016917293233085218,,-0.0018032862318066555,4.137431209741417
2022-12-22 11:17:59,,2022-12-22 11:17:59,,,"id:""220215_1174946723_20221222-11:17""","net_price:""99.4969""",,,3.02,,31,3.0154089709762535,3.0168390804597705,11:17:59,0.004591029023746529,-0.0014301094835169614,,-0.0017727796374519933,7.760898549991484
2022-12-22 11:19:20,,2022-12-22 11:19:20,,,"id:""220215_1292387768_20221222-11:19""","net_price:""99.538""",,,3.015,,81,3.015336956521739,3.0152472089314197,11:19:20,-0.0003369565217390402,8.974759031943336e-05,-0.6834863818089894,-0.001694723864252534,12.984218759228002
2022-12-22 11:21:46,,2022-12-22 11:21:46,,,"id:""220215_1426605919_20221222-11:21""","net_price:""99.538""",,,3.015,,146,3.0155081967213118,3.0152557755775575,11:21:46,-0.0005081967213116378,0.0002524211437542334,-0.7249392958083524,-0.0013161974231118202,2.196217422069652
2022-12-22 11:25:39,,2022-12-22 11:25:39,,,"id:""220215_1678265408_20221222-11:25""","net_price:""99.456""",,,3.025,,233,3.021147757255937,3.0179618593563764,11:25:39,0.003852242744062817,0.003185897899560697,1.6070076385090193,-0.0009108236044556683,4.591998658267163
2022-12-22 11:29:36,"company_id:""1""",2022-12-22 11:29:36,"deal_status:""6""","full_price:""100.8315""","id:""TPSHe1055447009810591748""","net_price:""99.5502""","operate:""0""","pre_closePrice:""99.517""",3.0135,"volume:""2000""",237,3.019201063829787,3.018205357142857,11:29:36,-0.005701063829786968,0.0009957066869299425,-3.245926963090669,8.124556536177607e-05,0.5262851599557568
2022-12-22 11:32:24,,2022-12-22 11:32:24,,,"id:""220215_2114475624_20221222-11:32""","net_price:""99.4969""",,,3.02,,168,3.016196296296297,3.019411442006269,11:32:24,0.0038037037037028654,-0.003215145709972056,0.9280540269661824,0.000618732767409469,-2.545283790274853
2022-12-22 11:35:25,,2022-12-22 11:35:25,,,"id:""220215_151541856_20221222-11:35:""","net_price:""99.456""",,,3.025,,181,3.0225931232091696,3.02064652014652,11:35:25,0.0024068767908302924,0.001946603062649821,0.6208013427468962,0.00026172552211845,0.8180982087069115
2022-12-22 11:36:21,,2022-12-22 11:36:21,,,"id:""220215_218650863_20221222-11:36:""","net_price:""99.4765""",,,3.0225,,56,3.0225802469135803,3.0192281931464175,11:36:21,-8.024691358032854e-05,0.0033520537671627437,-0.23621110498506334,0.0006330966165845276,1.258790961737908
2022-12-22 11:39:03,,2022-12-22 11:39:03,,,"id:""220215_403200918_20221222-11:39:""","net_price:""99.456""",,,3.025,,162,3.0246491228070176,3.020391169154229,11:39:03,0.000350877192982324,0.004257953652788693,-0.141333298427816,0.0012530231412662296,1.2552459743058013
2022-12-22 11:49:25,,2022-12-22 11:49:25,,,"id:""220215_1040736444_20221222-11:49""","net_price:""99.5379""",,,3.015,,622,3.015,3.015,11:49:25,0.0,0.0,-0.048027836900961324,0.0014674342919118288,-0.565088085150814
2022-12-22 11:57:39,,2022-12-22 11:57:39,,,"id:""220215_1544054154_20221222-11:57""","net_price:""99.4929""",,,3.0205,,494,3.0205,3.01743458781362,11:57:39,0.0,0.003065412186380012,-0.8370851509581796,0.0012682929545258404,0.6749220650181796
2022-12-22 13:15:39,"company_id:""1""",2022-12-22 13:15:39,"deal_status:""0""","full_price:""100.8315""","id:""TPSHe1055473698808672260""","net_price:""99.5502""","operate:""0""","pre_closePrice:""99.517""",3.0135,"volume:""2000""",4680,3.0135,3.0135,13:15:39,0.0,0.0,-0.5651717255897024,0.002524404533796254,-1.7265062111349285
2022-12-22 13:23:19,"company_id:""4""",2022-12-22 13:23:19,"deal_status:""0""","full_price:""100.8193""","id:""PATRe1055475627225821188""","net_price:""99.538""","operate:""1""","pre_closePrice:""99.517""",3.015,"volume:""""",460,3.015,3.013634241245136,13:23:19,0.0,0.0013657587548641104,-0.35704225007042156,0.0021350839212662897,-0.43046597297241407
2022-12-22 13:23:20,"company_id:""1""",2022-12-22 13:23:20,"deal_status:""0""","full_price:""100.8315""","id:""TPSHe1055475630864478212""","net_price:""99.5502""","operate:""1""","pre_closePrice:""99.517""",3.0135,"volume:""5000""",1,3.014996746203905,3.013634215133243,13:23:20,-0.0014967462039048307,0.0013625310706619764,-11.164316702828957,0.0017378249188065632,-0.22197768723672762
2022-12-22 13:24:40,"company_id:""2""",2022-12-22 13:24:40,"deal_status:""0""","full_price:""100.8193""","id:""ICAP2202157000579640""","net_price:""99.538""","operate:""1""","pre_closePrice:""99.497""",3.015,"volume:""""",80,3.014997227356747,3.0136551426929707,13:24:40,2.772643253212692e-06,0.0013420846637761663,0.5046311178975831,0.0011587404023812198,0.16198988708436715
2022-12-22 13:27:34,"company_id:""1""",2022-12-22 13:27:34,"deal_status:""0""","full_price:""100.8193""","id:""TPSHe1055476696884588545""","net_price:""99.538""","operate:""1""","pre_closePrice:""99.517""",3.015,"volume:""2000""",174,3.0149979020979023,3.0149979020979023,13:27:34,2.0979020978195706e-06,0.0,0.502344431714151,0.001427157335136453,-1.4664197888517325
2022-12-22 13:29:30,"company_id:""4""",2022-12-22 13:29:30,"deal_status:""0""","full_price:""100.8193""","id:""PATRe1055477185447505924""","net_price:""99.538""","operate:""1""","pre_closePrice:""99.517""",3.015,"volume:""""",116,3.0149999999999997,3.014998194945848,13:29:30,4.440892098500626e-16,1.8050541514824658e-06,0.4979669934366383,0.0008140748978604506,-1.221938067726734
2022-12-22 13:29:59,"company_id:""1""",2022-12-22 13:29:59,"deal_status:""0""","full_price:""100.8193""","id:""TPSHe1055477304874119170""","net_price:""99.538""","operate:""1""","pre_closePrice:""99.517""",3.015,"volume:""3000""",29,3.0149999999999997,3.014998255813954,13:29:59,4.440892098500626e-16,1.74418604581561e-06,0.4979669934364534,0.0008144359086907471,-1.2233859352125847
2022-12-22 13:29:59,"company_id:""1""",2022-12-22 13:29:59,"deal_status:""0""","full_price:""100.8193""","id:""TPSHe1055477304882507777""","net_price:""99.538""","operate:""1""","pre_closePrice:""99.517""",3.015,"volume:""1000""",0,3.0149999999999997,3.014998255813954,13:29:59,4.440892098500626e-16,1.74418604581561e-06,0.4979669934362684,0.0005416329949270882,-0.8156095754502467
2022-12-22 13:30:05,"company_id:""1""",2022-12-22 13:30:05,"deal_status:""0""","full_price:""100.8193""","id:""TPSHe1055477332040626180""","net_price:""99.538""","operate:""1""","pre_closePrice:""99.517""",3.015,"volume:""1000""",6,3.0149999999999997,3.0149982678983833,13:30:05,4.440892098500626e-16,1.7321016163585057e-06,-0.8037432612463472,0.000269475618003856,-0.49923744322070307
2022-12-22 13:30:59,,2022-12-22 13:30:59,,,"id:""220215_956861009_20221222-13:30:""","net_price:""99.4336""",,,3.0277,,54,3.0168094986807388,3.015743804347826,13:30:59,0.010890501319261059,0.0010656943329125923,12977.347508806955,1.4051055718944383e-06,1513.890295744067
2022-12-22 13:31:35,"company_id:""1""",2022-12-22 13:31:35,"deal_status:""0""","full_price:""100.8193""","id:""TPSHe1055477706420006916""","net_price:""99.538""","operate:""1""","pre_closePrice:""99.517""",3.015,"volume:""3000""",36,3.016652530120482,3.0157157949790796,13:31:35,-0.001652530120481721,0.0009367351414022451,-0.8793512511585556,0.0002145439721544129,1.6969767064569048
2022-12-22 13:31:54,,2022-12-22 13:31:54,,,"id:""220215_1007193335_20221222-13:31""","net_price:""99.4725""",,,3.023,,19,3.0169304147465437,3.0158577435897436,13:31:54,0.0060695852534564665,0.001072671156800098,0.9245518197205196,0.0004015299896045654,1.3659519763414842
2022-12-22 13:31:55,"company_id:""1""",2022-12-22 13:31:55,"deal_status:""0""","full_price:""100.8193""","id:""TPSHe1055477791048478722""","net_price:""99.538""","operate:""1""","pre_closePrice:""99.517""",3.015,"volume:""10000""",1,3.016925977011494,3.0158568647540984,13:31:55,-0.0019259770114938846,0.001069112257395588,-1.0570628484979818,0.0006157153837554219,0.9002353251155332
2022-12-22 13:32:06,"company_id:""2""",2022-12-22 13:32:06,"deal_status:""0""","full_price:""100.8193""","id:""ICAP2202157000579649""","net_price:""99.538""","operate:""1""","pre_closePrice:""99.497""",3.015,"volume:""""",11,3.0168784753363225,3.0158473150962517,13:32:06,-0.0018784753363223494,0.001031160240070772,-0.907084939441849,0.0008291889980253763,0.4844584169602562
2022-12-22 13:32:13,"company_id:""2""",2022-12-22 13:32:13,"deal_status:""0""","full_price:""100.8397""","id:""ICAP2202157000579650""","net_price:""99.5584""","operate:""1""","pre_closePrice:""99.497""",3.0125,"volume:""""",7,3.016810816777042,3.015823742454728,13:32:13,-0.004310816777041815,0.00098707432231393,-1.2541674106772795,0.0010350746257162592,-0.9343602863628614
2022-12-22 13:32:16,"company_id:""2""",2022-12-22 13:32:16,"deal_status:""0""","full_price:""100.8193""","id:""ICAP2202157000579651""","net_price:""99.538""","operate:""1""","pre_closePrice:""99.497""",3.015,"volume:""""",3,3.016798903508772,3.015821263791374,13:32:16,-0.0017989035087717653,0.000977639717397949,-0.2992296232324657,0.0010193506235965267,-0.807955170685402
2022-12-22 13:32:16,"company_id:""2""",2022-12-22 13:32:16,"deal_status:""0""","full_price:""100.8193""","id:""ICAP2202157000579652""","net_price:""99.538""","operate:""1""","pre_closePrice:""99.497""",3.015,"volume:""""",0,3.016798903508772,3.015821263791374,13:32:16,-0.0017989035087717653,0.000977639717397949,-0.2903017818704873,0.0010275315387956673,-1.2547132942563095
2022-12-22 13:32:43,"company_id:""3""",2022-12-22 13:32:43,"deal_status:""0""","full_price:""100.8193""","id:""BGC22021511009235593""","net_price:""99.538""","operate:""1""","pre_closePrice:""99.517""",3.015,"volume:""""",27,3.0176546925566345,3.015799609375,13:32:43,-0.0026546925566344193,0.0018550831816344093,-0.31673347099065763,0.0010085252509152375,23.38753648339016
2022-12-22 13:33:14,"company_id:""1""",2022-12-22 13:33:14,"deal_status:""0""","full_price:""100.8193""","id:""TPSHe1055478123866501123""","net_price:""99.538""","operate:""0""","pre_closePrice:""99.517""",3.015,"volume:""5000""",31,3.0174126470588236,3.015776113744076,13:33:14,-0.0024126470588234916,0.001636533314747446,0.07832659919161843,0.0011657194357630018,1.3636865529591142
2022-12-22 13:33:45,,2022-12-22 13:33:45,,,"id:""220215_1141412378_20221222-13:33""","net_price:""99.538""",,,3.015,,31,3.0172110512129384,3.0163124800000003,13:33:45,-0.0022110512129382975,0.0008985712129381263,0.4167392554290631,0.0012867940506983365,-1.018641983161839
2022-12-22 13:34:48,,2022-12-22 13:34:48,,,"id:""220215_1208521815_20221222-13:34""","net_price:""99.4765""",,,3.0225,,63,3.0190654088050315,3.017126315789474,13:34:48,0.0034345911949684726,0.0019390930155576136,16.60356300989065,0.001269093428823176,1.69030929100722
2022-12-22 13:35:27,"company_id:""1""",2022-12-22 13:35:27,"deal_status:""0""","full_price:""100.8193""","id:""TPSHe1055478682010923012""","net_price:""99.538""","operate:""0""","pre_closePrice:""99.517""",3.015,"volume:""5000""",39,3.0190149068322985,3.016998145285935,13:35:27,-0.004014906832298326,0.0020167615463635435,-1.2556195081050148,0.0014613840884551087,1.2644119513361753
2022-12-22 13:35:27,"company_id:""4""",2022-12-22 13:35:27,"deal_status:""6""","full_price:""100.8193""","id:""PATRe1055478679441813505""","net_price:""99.538""","operate:""0""","pre_closePrice:""99.517""",3.015,"volume:""""",0,3.0190149068322985,3.016998145285935,13:35:27,-0.004014906832298326,0.0020167615463635435,-0.9464083937981297,0.0016692084542482277,0.8565880907563111
2022-12-22 13:35:33,"company_id:""4""",2022-12-22 13:35:33,"deal_status:""0""","full_price:""100.8193""","id:""PATRe1055478707266826244""","net_price:""99.538""","operate:""0""","pre_closePrice:""99.517""",3.015,"volume:""""",6,3.018941463414634,3.0169797856049003,13:35:33,-0.003941463414633972,0.001961677809733775,-0.7634511166923453,0.0017015441271940545,0.6117337574096454
2022-12-22 13:35:44,,2022-12-22 13:35:44,,,"id:""220215_1258853983_20221222-13:35""","net_price:""99.3743""",,,3.035,,11,3.019462536873157,3.017278313253012,13:35:44,0.015537463126843232,0.0021842236201448095,6.149894236870355,0.0017665730261913204,0.9599541035509136
2022-12-22 13:38:20,,2022-12-22 13:38:20,,,"id:""220215_1460182010_20221222-13:38""","net_price:""99.3907""",,,3.033,,156,3.02643954248366,3.021688544891641,13:38:20,0.006560457516339824,0.004750997592019246,0.6762052594421192,0.0020237035076326572,31.760333365639724
2022-12-22 13:40:59,"company_id:""5""",2022-12-22 13:40:59,"deal_status:""0""","full_price:""100.8438""","id:""TJXT221222052024000000000097""","net_price:""99.5382""","operate:""0""","pre_closePrice:""99.497""",3.015,"volume:""5000""",159,3.0239142857142856,3.0210583333333334,13:40:59,-0.00891428571428543,0.0028559523809521536,-1.3855015124733692,0.0025860844229249834,0.24871868979833817
2022-12-22 13:43:20,"company_id:""4""",2022-12-22 13:43:20,"deal_status:""0""","full_price:""100.8193""","id:""PATRe1055480664844972035""","net_price:""99.538""","operate:""0""","pre_closePrice:""99.517""",3.015,"volume:""""",141,3.015,3.020776402640264,13:43:20,0.0,-0.0057764026402638,-0.11835805982941391,0.0027539225898427057,-8.137538815203783
2022-12-22 13:43:27,"company_id:""5""",2022-12-22 13:43:27,"deal_status:""0""","full_price:""100.8193""","id:""TJXT221222052024000000000099""","net_price:""99.538""","operate:""0""","pre_closePrice:""99.497""",3.015,"volume:""4000""",7,3.015,3.02071044045677,13:43:27,0.0,-0.0057104404567698275,-0.2171270032986638,0.0011952897525172369,-1.9069518115186717
2022-12-22 13:43:45,,2022-12-22 13:43:45,,,"id:""220215_1778950941_20221222-13:43""","net_price:""99.5535""",,,3.0131,,18,3.0148947692307693,3.020777166666667,13:43:45,-0.0017947692307691554,-0.0058823974358976905,-0.5461790278818114,-0.0003391339007834837,-1.233969915267569
2022-12-22 13:44:05,"company_id:""5""",2022-12-22 13:44:05,"deal_status:""0""","full_price:""100.8193""","id:""TJXT221222052024000000000100""","net_price:""99.538""","operate:""0""","pre_closePrice:""99.497""",3.015,"volume:""2000""",20,3.014900869565218,3.020590806451613,13:44:05,9.913043478215755e-05,-0.005689936886394964,0.18782236299243263,-0.0019524581119919836,-0.7888188196711353
2022-12-22 13:50:49,,2022-12-22 13:50:49,,,"id:""220215_67677192_20221222-13:50:4""","net_price:""99.4356""",,,3.0275,,404,3.0275,3.021696662216288,13:50:49,0.0,0.005803337783711893,0.611640309471818,-0.004040645007674826,2.8541955230389062
2022-12-22 13:53:41,"company_id:""1""",2022-12-22 13:53:41,"deal_status:""0""","full_price:""100.8397""","id:""TPSHe1055483271972007937""","net_price:""99.5584""","operate:""0""","pre_closePrice:""99.517""",3.0125,"volume:""1000""",172,3.023020833333333,3.0224687296416937,13:53:41,-0.010520833333332646,0.0005521036916391608,-13.969881014142269,-0.003451167927122878,0.8650598307004626
2022-12-22 13:53:42,"company_id:""1""",2022-12-22 13:53:42,"deal_status:""0""","full_price:""100.8397""","id:""TPSHe1055483271980396545""","net_price:""99.5584""","operate:""0""","pre_closePrice:""99.517""",3.0125,"volume:""3000""",1,3.0230025996533794,3.0224525203252033,13:53:42,-0.010502599653379185,0.0005500793281760785,-1.9654443035935976,-0.0021854666607422856,0.5840456815038993
2022-12-22 13:53:42,"company_id:""1""",2022-12-22 13:53:42,"deal_status:""0""","full_price:""100.8397""","id:""TPSHe1055483271997173761""","net_price:""99.5584""","operate:""0""","pre_closePrice:""99.517""",3.0125,"volume:""4000""",0,3.0230025996533794,3.0224525203252033,13:53:42,-0.010502599653379185,0.0005500793281760785,-1.2113338434019525,-0.0009333627037531045,0.33695749758289917
2022-12-22 13:53:42,"company_id:""1""",2022-12-22 13:53:42,"deal_status:""0""","full_price:""100.8397""","id:""TPSHe1055483272005562369""","net_price:""99.5584""","operate:""0""","pre_closePrice:""99.517""",3.0125,"volume:""5000""",0,3.0230025996533794,3.0224525203252033,13:53:42,-0.010502599653379185,0.0005500793281760785,-0.8153058840563742,0.0003531326490616493,0.05406845958570252
2022-12-22 13:53:42,"company_id:""1""",2022-12-22 13:53:42,"deal_status:""0""","full_price:""100.8397""","id:""TPSHe1055483272013950977""","net_price:""99.5584""","operate:""0""","pre_closePrice:""99.517""",3.0125,"volume:""1000""",0,3.0230025996533794,3.0224525203252033,13:53:42,-0.010502599653379185,0.0005500793281760785,-0.49891469702147406,0.0016011358919758578,-0.5002408345446064
2022-12-22 13:53:42,"company_id:""1""",2022-12-22 13:53:42,"deal_status:""0""","full_price:""100.8397""","id:""TPSHe1055483271988785153""","net_price:""99.5584""","operate:""0""","pre_closePrice:""99.517""",3.0125,"volume:""1000""",0,3.0230025996533794,3.0224525203252033,13:53:42,-0.010502599653379185,0.0005500793281760785,0.5000000000655065,0.000550484200868695,-0.5000000017735154
2022-12-22 13:53:42,"company_id:""1""",2022-12-22 13:53:42,"deal_status:""0""","full_price:""100.8397""","id:""TPSHe1055483272030728193""","net_price:""99.5584""","operate:""0""","pre_closePrice:""99.517""",3.0125,"volume:""2000""",0,3.0230025996533794,3.0224525203252033,13:53:42,-0.010502599653379185,0.0005500793281760785,0.5000000000655065,0.0005500793281760785,-0.5000000017735154
2022-12-22 13:53:47,"company_id:""2""",2022-12-22 13:53:47,"deal_status:""0""","full_price:""100.8397""","id:""ICAP2202157000579672""","net_price:""99.5584""","operate:""0""","pre_closePrice:""99.497""",3.0125,"volume:""""",5,3.0229123711340202,3.022649501661129,13:53:47,-0.010412371134020049,0.0002628694728912251,,0.0005500793281760785,-0.5000000017735154
2022-12-22 13:53:47,"company_id:""2""",2022-12-22 13:53:47,"deal_status:""0""","full_price:""100.8397""","id:""ICAP2202157000579673""","net_price:""99.5584""","operate:""0""","pre_closePrice:""99.497""",3.0125,"volume:""""",0,3.0229123711340202,3.022649501661129,13:53:47,-0.010412371134020049,0.0002628694728912251,2.000000000010728,0.0004926373571191078,-2.000000000000352
2022-12-22 13:54:08,"company_id:""5""",2022-12-22 13:54:08,"deal_status:""6""","full_price:""100.8315""","id:""TJXT221222052024000000000105""","net_price:""99.5502""","operate:""0""","pre_closePrice:""99.497""",3.0135,"volume:""5000""",21,3.0225845771144275,3.0225845771144275,13:54:08,-0.00908457711442745,0.0,31.263453388331353,0.00043519538606213716,-3.092995750466835
2022-12-22 13:54:26,,2022-12-22 13:54:26,,,"id:""220215_319336974_20221222-13:54:""","net_price:""99.5583""",,,3.0125,,18,3.022292270531401,3.022292270531401,13:54:26,-0.00979227053140086,0.0,0.7094118116410619,0.00032517952042692143,-1.5693719907820018
2022-12-22 13:54:48,"company_id:""6""",2022-12-22 13:54:48,"deal_status:""0""","full_price:""100.8397""","id:""UEDA221222061024000000000034""","net_price:""99.5584""","operate:""0""","pre_closePrice:""99.456""",3.0125,"volume:""2000""",22,3.0219572317262826,3.0219572317262826,13:54:48,-0.009457231726282433,0.0,1.0779764591662435,0.00021516365479170573,-1.0516177154454418
2022-12-22 13:55:19,"company_id:""5""",2022-12-22 13:55:19,"deal_status:""0""","full_price:""100.8397""","id:""TJXT221222052024000000000108""","net_price:""99.5584""","operate:""0""","pre_closePrice:""99.497""",3.0125,"volume:""5000""",31,3.021522255192878,3.021522255192878,13:55:19,-0.009022255192877804,0.0,1.5440486361431176,0.00010514778915649003,-0.8164965809278407
2022-12-22 13:56:18,"company_id:""2""",2022-12-22 13:56:18,"deal_status:""0""","full_price:""100.8397""","id:""ICAP2202157000579679""","net_price:""99.5584""","operate:""1""","pre_closePrice:""99.497""",3.0125,"volume:""""",59,3.012563829787234,3.0207960436562074,13:56:18,-6.382978723395993e-05,-0.008232213868973215,18.568105229775966,5.257389457824502e-05,-78.79183984765542
2022-12-22 13:56:32,,2022-12-22 13:56:32,,,"id:""220215_436778399_20221222-13:56:""","net_price:""99.5555""",,,3.0129,,14,3.0125775510204083,3.0206480589022755,13:56:32,0.0003224489795918828,-0.00807050788186725,2.0982625405066604,-0.001646442773794643,-1.950892314728537
2022-12-22 13:56:43,"company_id:""3""",2022-12-22 13:56:43,"deal_status:""0""","full_price:""100.8193""","id:""BGC22021511009236225""","net_price:""99.538""","operate:""0""","pre_closePrice:""99.517""",3.015,"volume:""""",11,3.012652824858757,3.0205660949868074,13:56:43,0.002347175141243163,-0.007913270128050431,1.6957536870890977,-0.003260544350168093,-1.1650273244632647
2022-12-22 13:57:11,"company_id:""1""",2022-12-22 13:57:11,"deal_status:""0""","full_price:""100.8397""","id:""TPSHe1055484149852418049""","net_price:""99.5584""","operate:""1""","pre_closePrice:""99.517""",3.0125,"volume:""5000""",28,3.012641623036649,3.0202787531806616,13:57:11,-0.00014162303664866371,-0.007637130144012794,0.6040606064241172,-0.004843198375778179,-0.7062979525785934
2022-12-22 13:57:21,,2022-12-22 13:57:21,,,"id:""220215_503887728_20221222-13:57:""","net_price:""99.3743""",,,3.035,,10,3.0132119897959186,3.020463693467337,13:57:21,0.021788010204081498,-0.0072517036714181415,5.8321706693985025,-0.006370624404580738,-0.2760830361410302
2022-12-22 13:58:59,,2022-12-22 13:58:59,,,"id:""220215_570997007_20221222-13:58:""","net_price:""99.5174""",,,3.0175,,98,3.0149650641025643,3.0201388143176735,13:58:59,0.0025349358974358083,-0.005173750215109241,-0.2718588499102076,-0.007820965138864367,7.656084161880051
2022-12-22 14:00:32,"company_id:""2""",2022-12-22 14:00:32,"deal_status:""0""","full_price:""100.8397""","id:""ICAP2202157000579686""","net_price:""99.5584""","operate:""0""","pre_closePrice:""99.497""",3.0125,"volume:""""",93,3.014890095846646,3.0194190476190474,14:00:32,-0.0023900958466458455,-0.004528951772401424,-0.9375199040977426,-0.007209272408091572,2.5404906858076703
2022-12-22 14:03:18,"company_id:""2""",2022-12-22 14:03:18,"deal_status:""0""","full_price:""100.8397""","id:""ICAP2202157000579694""","net_price:""99.5584""","operate:""0""","pre_closePrice:""99.497""",3.0125,"volume:""""",166,3.013872549019608,3.0135268357810414,14:03:18,-0.001372549019607927,0.00034571323856669167,-0.7151282975223321,-0.006500961186198406,4.9672511080121655
2022-12-22 14:03:31,,2022-12-22 14:03:31,,,"id:""220215_872989283_20221222-14:03:""","net_price:""99.4969""",,,3.02,,13,3.014087837837838,3.0136372703412078,14:03:31,0.005912162162161838,0.0004505674966304163,0.20306443504360286,-0.004849164512874982,1.8566522350867993
2022-12-22 14:04:23,,2022-12-22 14:04:23,,,"id:""220215_940098406_20221222-14:04:""","net_price:""99.456""",,,3.025,,52,3.014807098765432,3.0149318699186995,14:04:23,0.010192901234567842,-0.00012477115326747779,0.5592904829752916,-0.00323162498474634,1.0030271304461151
2022-12-22 14:05:50,,2022-12-22 14:05:50,,,"id:""220215_1007207540_20221222-14:05""","net_price:""99.5216""",,,3.017,,87,3.0160817610062893,3.0154906497622824,14:05:50,0.0009182389937105739,0.0005911112440069033,-0.4414129985252455,-0.001806238481116207,0.9581016534301572
2022-12-22 14:07:46,,2022-12-22 14:07:46,,,"id:""220215_1124648769_20221222-14:07""","net_price:""99.3518""",,,3.0377,,116,3.0218599078341013,3.0197835200000003,14:07:46,0.015840092165898767,0.0020763878341010233,2.784979909714217,-0.0006532661892929781,1.3978891228177077
2022-12-22 14:10:43,,2022-12-22 14:10:43,,,"id:""220215_1325976464_20221222-14:10""","net_price:""99.4969""",,,3.02,,177,3.024716315789474,3.0213211129296234,14:10:43,-0.004716315789473846,0.00339520285985051,-1.76758668005838,0.0006678017320075113,3.664921860458119
2022-12-22 14:11:29,,2022-12-22 14:11:29,,,"id:""220215_1376308451_20221222-14:11""","net_price:""99.4765""",,,3.0225,,46,3.02639587020649,3.021403652968037,14:11:29,-0.0038958702064899597,0.004992217238453112,-1.33539818879219,0.001277699656264275,2.89276535208117
2022-12-22 14:12:29,,2022-12-22 14:12:29,,,"id:""220215_1443417777_20221222-14:12""","net_price:""99.456""",,,3.025,,60,3.0261859649122806,3.02170460251046,14:12:29,-0.0011859649122807348,0.004481362401820732,-0.6012930845140727,0.002186029604628814,1.236397435200081
2022-12-22 14:20:10,,2022-12-22 14:20:10,,,"id:""220215_1946737765_20221222-14:20""","net_price:""99.3538""",,,3.0375,,461,3.0375,3.0314012096774197,14:20:10,0.0,0.006098790322580427,-0.1857234391895435,0.003107256315646456,1.8611616364777448
2022-12-22 14:21:58,,2022-12-22 14:21:58,,,"id:""220215_2013847011_20221222-14:21""","net_price:""99.3947""",,,3.0325,,108,3.0365509666080848,3.0354491255961844,14:21:58,-0.004050966608084572,0.0011018410119003619,-0.6997741010242736,0.004208792131361161,-2.257679869991894
2022-12-22 14:22:55,,2022-12-22 14:22:55,,,"id:""220215_2080956232_20221222-14:22""","net_price:""99.5502""",,,3.0135,,57,3.034452076677317,3.034452076677317,14:22:55,-0.0209520766773168,0.0,-9.896088594417083,0.004013882766921028,-2.366413975239229
2022-12-22 14:24:24,"company_id:""5""",2022-12-22 14:24:24,"deal_status:""0""","full_price:""100.8315""","id:""TJXT221222052024000000000122""","net_price:""99.5583""","operate:""1""","pre_closePrice:""99.497""",3.0125,"volume:""1000""",89,3.0317195804195807,3.0317195804195807,14:24:24,-0.019219580419580495,0.0,-1.7307122102318804,0.0033348421949509267,-1.4140776319468877
2022-12-22 14:25:37,"company_id:""1""",2022-12-22 14:25:37,"deal_status:""0""","full_price:""100.8315""","id:""TPSHe1055491306513641476""","net_price:""99.5502""","operate:""0""","pre_closePrice:""99.517""",3.0135,"volume:""2000""",73,3.0195030581039757,3.0300317258883247,14:25:37,-0.0060030581039756115,-0.010528667784349022,0.33841207192358247,0.0023363987472603044,-5.1503043399245225
2022-12-22 14:25:49,"company_id:""4""",2022-12-22 14:25:49,"deal_status:""0""","full_price:""100.8438""","id:""PATRe1055491356541104129""","net_price:""99.5382""","operate:""0""","pre_closePrice:""99.517""",3.015,"volume:""""",12,3.0193436578171093,3.0298062500000005,14:25:49,-0.004343657817109214,-0.01046259218289114,0.675400746452233,-0.0006656072899736465,-1.8065475212697082
2022-12-22 14:29:37,,2022-12-22 14:29:37,,,"id:""220215_369682846_20221222-14:29:""","net_price:""99.3334""",,,3.04,,228,3.032861022364217,3.0320671206225684,14:29:37,0.007138977635782862,0.0007939017416487282,2.394800577181894,-0.00397788379106796,0.8941042258233589
2022-12-22 14:30:09,,2022-12-22 14:30:09,,,"id:""220215_436792728_20221222-14:30:""","net_price:""99.3743""",,,3.035,,32,3.0330594202898546,3.0321556603773585,14:30:09,0.0019405797101454958,0.0009037599124961382,1.0235647774134773,-0.004039471645118286,0.9363178376134285
2022-12-22 14:32:22,,2022-12-22 14:32:22,,,"id:""220215_554233907_20221222-14:32:""","net_price:""99.4969""",,,3.02,,133,3.032824427480916,3.025556891025641,14:32:22,-0.012824427480916167,0.007267536455275003,-0.9817664331502546,-0.003858719662619059,2.0497806687537046
2022-12-22 14:32:36,"company_id:""1""",2022-12-22 14:32:36,"deal_status:""0""","full_price:""100.8315""","id:""TPSHe1055493064417751044""","net_price:""99.5502""","operate:""0""","pre_closePrice:""99.517""",3.0135,"volume:""3000""",14,3.032159705159705,3.0252923197492163,14:32:36,-0.01865970515970483,0.006867385410488591,-2.313727021169588,-0.0024052123715640585,1.3228826644531646
2022-12-22 14:33:51,"company_id:""2""",2022-12-22 14:33:51,"deal_status:""0""","full_price:""100.8397""","id:""ICAP2202157000579736""","net_price:""99.5584""","operate:""0""","pre_closePrice:""99.497""",3.0125,"volume:""""",75,3.029100622406639,3.024854420731707,14:33:51,-0.01660062240663862,0.004246201674931616,-1.1950808535358068,0.0010739982674034642,0.4952656525165699
2022-12-22 14:33:51,"company_id:""2""",2022-12-22 14:33:51,"deal_status:""0""","full_price:""100.8397""","id:""ICAP2202157000579737""","net_price:""99.5584""","operate:""0""","pre_closePrice:""99.497""",3.0125,"volume:""""",0,3.029100622406639,3.024854420731707,14:33:51,-0.01660062240663862,0.004246201674931616,-0.8477763043584021,0.0040157570389680155,0.08269940463841376
2022-12-22 14:35:36,,2022-12-22 14:35:36,,,"id:""220215_738784394_20221222-14:35:""","net_price:""99.4765""",,,3.0225,,105,3.0188042813455658,3.0261227678571427,14:35:36,0.003695718654434188,-0.00731848651157696,2.1700278865711478,0.004706217025624593,-5.261768151240747
2022-12-22 14:36:08,"company_id:""4""",2022-12-22 14:36:08,"deal_status:""0""","full_price:""100.8397""","id:""PATRe1055493952995635204""","net_price:""99.5584""","operate:""0""","pre_closePrice:""99.517""",3.0125,"volume:""""",32,3.018242339832869,3.027122778675283,14:36:08,-0.005742339832868648,-0.008880438842413962,0.7904210535066021,0.0030617677408099732,-2.235203285106294
2022-12-22 14:39:27,,2022-12-22 14:39:27,,,"id:""220215_990444045_20221222-14:39:""","net_price:""99.4969""",,,3.02,,199,3.0200669642857143,3.025389975550122,14:39:27,-6.696428571428825e-05,-0.005323011264407818,1.2544325248243524,-0.00016782731872782007,-0.7852400813630779
2022-12-22 14:40:53,,2022-12-22 14:40:53,,,"id:""220215_1057553285_20221222-14:40""","net_price:""99.4969""",,,3.02,,86,3.019242902208202,3.0190201863354043,14:40:53,0.0007570977917978894,0.00022271587279787397,0.9368589250812117,-0.0026059066537071018,0.4956190441369586
2022-12-22 14:43:21,"company_id:""1""",2022-12-22 14:43:21,"deal_status:""0""","full_price:""100.8397""","id:""TPSHe1055495768221298689""","net_price:""99.5584""","operate:""0""","pre_closePrice:""99.517""",3.0125,"volume:""5000""",148,3.0174364896073906,3.0174418604651163,14:43:21,-0.00493648960739046,-5.370857725672806e-06,-0.18714027100872843,-0.00341060381413385,0.6931417336510237
2022-12-22 14:43:56,"company_id:""1""",2022-12-22 14:43:56,"deal_status:""0""","full_price:""100.8397""","id:""TPSHe1055495917735653378""","net_price:""99.5584""","operate:""0""","pre_closePrice:""99.517""",3.0125,"volume:""5000""",35,3.017067307692308,3.017768595041322,14:43:56,-0.004567307692307843,-0.0007012873490142013,-0.9272860954176514,-0.0042609183206653075,0.9511517120311517
2022-12-22 14:44:52,,2022-12-22 14:44:52,,,"id:""220215_1309147189_20221222-14:44""","net_price:""99.4969""",,,3.02,,56,3.015776923076923,3.0179576399394854,14:44:52,0.004223076923076885,-0.002180716862562271,2.6439239001527373,-0.002937478488152756,0.2105462026705382
2022-12-22 14:46:58,,2022-12-22 14:46:58,,,"id:""220215_1443365578_20221222-14:46""","net_price:""99.5496""",,,3.0136,,126,3.0140304109589042,3.016647846153846,14:46:58,-0.0004304109589043925,-0.0026174351949417307,0.14146632099501386,-0.0015975340921824178,-0.4991983707083128
2022-12-22 14:48:27,,2022-12-22 14:48:27,,,"id:""220215_1560807097_20221222-14:48""","net_price:""99.4969""",,,3.02,,89,3.016506862745098,3.017051556156969,14:48:27,0.003493137254901857,-0.0005446934118706892,1.3062837144788932,-0.0010564188782892004,0.4464895317549081
2022-12-22 14:50:48,,2022-12-22 14:50:48,,,"id:""220215_1695025583_20221222-14:50""","net_price:""99.4765""",,,3.0225,,141,3.018725,3.017318061674009,14:50:48,0.003775000000000084,0.0014069383259909252,1.0931289284081844,-0.001209900735222913,2.5972471726389124
2022-12-22 14:51:27,,2022-12-22 14:51:27,,,"id:""220215_1745357522_20221222-14:51""","net_price:""99.4765""",,,3.0225,,39,3.019097721518987,3.0172730283911675,14:51:27,0.0034022784810128215,0.0018246931278196321,0.6235765914997602,-0.0009274388984795934,1.9389147209049618
2022-12-22 14:52:49,,2022-12-22 14:52:49,,,"id:""220215_1812466753_20221222-14:52""","net_price:""99.4765""",,,3.0225,,82,3.0218660968660966,3.017871648044693,14:52:49,0.0006339031339033241,0.003994448821403651,-1.3397517620990027,-0.0004222428031128267,2.4446260181167823
2022-12-22 14:53:59,,2022-12-22 14:53:59,,,"id:""220215_1879575947_20221222-14:53""","net_price:""99.4949""",,,3.0202,,70,3.022015060240964,3.0197721393034826,14:53:59,-0.001815060240963895,0.002242920937481241,-2.306086357253154,0.0008127903336803577,0.6381826071922266
2022-12-22 14:55:53,,2022-12-22 14:55:53,,,"id:""220215_1997017224_20221222-14:55""","net_price:""99.5584""",,,3.0125,,114,3.018234426229508,3.0184986384266264,14:55:53,-0.005734426229508038,-0.00026421219711814103,-3.5044975408718626,0.001784861560164952,-1.4031241658704139
2022-12-22 14:58:30,,2022-12-22 14:58:30,,,"id:""220215_50861556_20221222-14:58:3""","net_price:""99.5215""",,,3.017,,157,3.016152492668622,3.018910447761194,14:58:30,0.0008475073313780612,-0.0027579550925720397,0.22510150405233303,0.0018409578031154616,-3.350632617043552
2022-12-22 14:59:57,,2022-12-22 14:59:57,,,"id:""220215_117970756_20221222-14:59:""","net_price:""99.5584""",,,3.0125,,87,3.014473463687151,3.0181021739130434,14:59:57,-0.0019734636871509004,-0.0036287102258922843,-0.4675307318700655,0.0010079791194028687,-1.9985790988242205
2022-12-22 15:01:55,,2022-12-22 15:01:55,,,"id:""220215_235412708_20221222-15:01:""","net_price:""99.5584""",,,3.0125,,118,3.014451657458564,3.015789012738854,15:01:55,-0.001951657458563627,-0.001337355280289998,-0.14442400711325393,-8.270155133951462e-05,-0.43395297017828915
2022-12-22 15:02:18,"company_id:""6""",2022-12-22 15:02:18,"deal_status:""0""","full_price:""100.8193""","id:""UEDA221222061024000000000042""","net_price:""99.538""","operate:""1""","pre_closePrice:""99.456""",3.015,"volume:""10000""",23,3.0144844155844157,3.01576113671275,15:02:18,0.0005155844155844136,-0.0012767211283342128,1.2586825085810653,-0.0011490623716782443,-0.06220059364817218
2022-12-22 15:03:52,,2022-12-22 15:03:52,,,"id:""220215_369631391_20221222-15:03:""","net_price:""99.5584""",,,3.0125,,94,3.0126785714285718,3.0144653092006033,15:03:52,-0.00017857142857158337,-0.0017867377720315325,0.6279082167004562,-0.0018529907848413353,0.05562053018046083
2022-12-22 15:04:46,,2022-12-22 15:04:46,,,"id:""220215_419963446_20221222-15:04:""","net_price:""99.4765""",,,3.0225,,54,3.0140890957446813,3.0145154559505407,15:04:46,0.008410904255318652,-0.0004263602058593996,7.45688445744084,-0.0021574958998240136,1.9091882491252303
2022-12-22 15:05:30,,2022-12-22 15:05:30,,,"id:""220215_487072789_20221222-15:05:""","net_price:""99.5502""",,,3.0135,,44,3.0144264264264264,3.014450795947902,15:05:30,-0.0009264264264263744,-2.4369521475442468e-05,-0.49123079653555535,-0.0016911769224814855,1.5666296993905284
2022-12-22 15:06:09,,2022-12-22 15:06:09,,,"id:""220215_554182191_20221222-15:06:""","net_price:""99.5543""",,,3.013,,39,3.0142768817204297,3.014719967532468,15:06:09,-0.0012768817204298344,-0.00044308581203811315,-0.6606215409935831,-0.0009703087815981171,0.8162776072944902
2022-12-22 15:07:49,,2022-12-22 15:07:49,,,"id:""220215_604514248_20221222-15:07:""","net_price:""99.315""",,,3.0423,,100,3.0233262839879154,3.018571927374302,15:07:49,0.01897371601208464,0.004754356613613453,4.900714725513737,-0.0007914548879477401,8.620937407825348
2022-12-22 15:08:17,,2022-12-22 15:08:17,,,"id:""220215_671623547_20221222-15:08:""","net_price:""99.4151""",,,3.03,,28,3.023846796657382,3.0190020161290327,15:08:17,0.006153203342617708,0.004844780528349357,0.1468050717183345,0.00041476066044179307,1.9688040515822796
2022-12-22 15:09:59,,2022-12-22 15:09:59,,,"id:""220215_738732826_20221222-15:09:""","net_price:""99.4969""",,,3.02,,102,3.0262332268370606,3.0206328903654485,15:09:59,-0.006233226837060624,0.005600336471612177,-1.6863592102856302,0.001741064320517971,1.5425250929268373
2022-12-22 15:12:40,,2022-12-22 15:12:40,,,"id:""220215_923283369_20221222-15:12:""","net_price:""99.452""",,,3.0255,,161,3.0286841432225065,3.023643890675241,15:12:40,-0.003184143222506375,0.005040252547265478,-0.7447360757410775,0.0029464036560122864,0.8002519867731827
2022-12-22 15:13:07,"company_id:""2""",2022-12-22 15:13:07,"deal_status:""0""","full_price:""100.8201""","id:""ICAP2202157000579774""","net_price:""99.5388""","operate:""1""","pre_closePrice:""99.497""",3.0149,"volume:""""",27,3.023232075471698,3.023280123266564,15:13:07,-0.008332075471698008,-4.8047794865890836e-05,-1.2437119293487555,0.003959328069760471,-1.804514706236156
2022-12-22 15:14:19,,2022-12-22 15:14:19,,,"id:""220215_1057501937_20221222-15:14""","net_price:""99.4969""",,,3.02,,72,3.022065745856354,3.0245196172248807,15:14:19,-0.0020657458563539954,-0.0024538713685267055,-0.3522293202556057,0.004038335673194915,-3.1450967879070473
2022-12-22 15:15:18,,2022-12-22 15:15:18,,,"id:""220215_1124611246_20221222-15:15""","net_price:""99.5584""",,,3.0125,,59,3.020957053291536,3.023570094936709,15:15:18,-0.00845705329153601,-0.002613041645172842,-1.1531964221449496,0.0025966900767668832,-1.6069990367328417
2022-12-22 15:17:30,,2022-12-22 15:17:30,,,"id:""220215_1242052519_20221222-15:17""","net_price:""99.5502""",,,3.0135,,132,3.0187745011086475,3.022874155653451,15:17:30,-0.005274501108647467,-0.004099654544803322,0.14497927361761867,0.0011051256420624433,-1.4603449836225817
2022-12-22 15:21:50,,2022-12-22 15:21:50,,,"id:""220215_1493712414_20221222-15:21""","net_price:""99.456""",,,3.025,,260,3.021127551020408,3.021051054852321,15:21:50,0.003872448979592047,7.649616808702575e-05,3.5816587102682877,-0.0008348725612206565,0.28375710279012245
2022-12-22 15:22:45,,2022-12-22 15:22:45,,,"id:""220215_1560821622_20221222-15:22""","net_price:""99.5144""",,,3.0179,,55,3.0237603174603174,3.0195806611570246,15:22:45,-0.005860317460317344,0.004179656303292756,-0.3929488288396863,-0.001827623837056347,3.730761512507702
2022-12-22 15:25:56,,2022-12-22 15:25:56,,,"id:""220215_1745372114_20221222-15:25""","net_price:""99.5568""",,,3.0127,,191,3.019585375494071,3.0183263322884013,15:25:56,-0.006885375494070978,0.0012590432056698297,-0.7858690992778045,-0.0009820830174246177,0.7704278124046451
2022-12-22 15:34:30,"company_id:""2""",2022-12-22 15:34:30,"deal_status:""0""","full_price:""100.8201""","id:""ICAP2202157000579811""","net_price:""99.5388""","operate:""1""","pre_closePrice:""99.497""",3.0149,"volume:""""",514,3.0149,3.0143039716312057,15:34:30,0.0,0.0005960283687942436,1.043268279469763,-0.00023950010258531052,0.2868914761996892
2022-12-22 15:34:44,"company_id:""4""",2022-12-22 15:34:44,"deal_status:""0""","full_price:""100.8201""","id:""PATRe1055508701128994820""","net_price:""99.5388""","operate:""1""","pre_closePrice:""99.517""",3.0149,"volume:""""",14,3.0149,3.0143155771905423,15:34:44,0.0,0.0005844228094575854,0.6881464275268834,0.00040231390020810663,0.06842747652326633
2022-12-22 15:35:44,,2022-12-22 15:35:44,,,"id:""220215_235427191_20221222-15:35:""","net_price:""99.4765""",,,3.0225,,60,3.0156755102040815,3.0149459563543,15:35:44,0.006824489795918431,0.0007295538497813503,2.1364641153061545,0.001339129371060288,-0.4149359425929316
2022-12-22 15:37:17,"company_id:""6""",2022-12-22 15:37:17,"deal_status:""0""","full_price:""100.8201""","id:""UEDA221222061024000000000048""","net_price:""99.5388""","operate:""1""","pre_closePrice:""99.456""",3.0149,"volume:""2000""",93,3.015569603524229,3.015569603524229,15:37:17,-0.0006696035242290677,0.0,0.10447971620387893,0.001469740907399153,-1.0672132875999103
2022-12-22 15:37:19,"company_id:""6""",2022-12-22 15:37:19,"deal_status:""0""","full_price:""100.8201""","id:""UEDA221222061024000000000049""","net_price:""99.5388""","operate:""1""","pre_closePrice:""99.456""",3.0149,"volume:""3000""",2,3.015567642752562,3.015567642752562,15:37:19,-0.0006676427525622586,0.0,-0.1200787868474691,0.0006338096467406018,-1.5789434254543402
2022-12-22 15:37:55,,2022-12-22 15:37:55,,,"id:""220215_352868511_20221222-15:37:""","net_price:""99.4969""",,,3.02,,36,3.015789568845619,3.015789568845619,15:37:55,0.0042104311543811335,0.0,1.0812381654321168,0.00038200100560663585,-1.2086886659215572
2022-12-22 15:38:36,"company_id:""1""",2022-12-22 15:38:36,"deal_status:""0""","full_price:""100.8201""","id:""TPSHe1055509671743467524""","net_price:""99.5388""","operate:""1""","pre_closePrice:""99.517""",3.0149,"volume:""5000""",41,3.0157415789473685,3.0157415789473685,15:38:36,-0.000841578947368582,0.0,-0.9130779175842507,0.0002627953318477871,-0.8083202849983133
2022-12-22 15:38:51,,2022-12-22 15:38:51,,,"id:""220215_419977823_20221222-15:38:""","net_price:""99.3334""",,,3.04,,15,3.0162110967741933,3.0162110967741933,15:38:51,0.023788903225806735,0.0,6.9474964392757945,0.00014591076995627006,-0.5000000000000457
2022-12-22 15:39:24,"company_id:""1""",2022-12-22 15:39:24,"deal_status:""0""","full_price:""100.8193""","id:""TPSHe1055509873036505089""","net_price:""99.538""","operate:""1""","pre_closePrice:""99.517""",3.015,"volume:""5000""",33,3.016161633663366,3.016161633663366,15:39:24,-0.0011616336633659685,0.0,-0.6653861617833798,0.0,-0.5000000000000457
2022-12-22 15:39:24,"company_id:""1""",2022-12-22 15:39:24,"deal_status:""0""","full_price:""100.8193""","id:""TPSHe1055509873053282305""","net_price:""99.538""","operate:""1""","pre_closePrice:""99.517""",3.015,"volume:""1000""",0,3.016161633663366,3.016161633663366,15:39:24,-0.0011616336633659685,0.0,-0.6507760438917101,0.0,-0.5000000000000457
2022-12-22 15:40:06,"company_id:""1""",2022-12-22 15:40:06,"deal_status:""0""","full_price:""100.8193""","id:""TPSHe1055510050673668098""","net_price:""99.538""","operate:""1""","pre_closePrice:""99.517""",3.015,"volume:""4000""",42,3.0180788819875772,3.0161042352941174,15:40:06,-0.003078881987577109,0.001974646693459814,-0.8354804768810628,0.0,-0.5000000000000457
2022-12-22 15:40:09,"company_id:""4""",2022-12-22 15:40:09,"deal_status:""0""","full_price:""100.8193""","id:""PATRe1055510065204736001""","net_price:""99.538""","operate:""1""","pre_closePrice:""99.517""",3.015,"volume:""""",3,3.0180504615384613,3.0161003516998828,15:40:09,-0.0030504615384612244,0.0019501098385785731,-0.6449304519329703,0.0003949293386919628,1.9689351328487161
2022-12-22 15:40:28,"company_id:""3""",2022-12-22 15:40:28,"deal_status:""0""","full_price:""100.8193""","id:""BGC22021511009239259""","net_price:""99.538""","operate:""1""","pre_closePrice:""99.517""",3.015,"volume:""""",19,3.017881976744186,3.016076376146789,15:40:28,-0.002881976744185888,0.0018056005973972056,-0.5722772626739598,0.0007849513064076774,1.0616321135878741
2022-12-22 15:40:37,"company_id:""3""",2022-12-22 15:40:37,"deal_status:""0""","full_price:""100.8193""","id:""BGC22021511009239270""","net_price:""99.538""","operate:""1""","pre_closePrice:""99.517""",3.015,"volume:""""",9,3.017808498583569,3.0160653802497164,15:40:37,-0.002808498583569019,0.0017431183338527667,-0.5984536575530854,0.0011460714258871186,0.6368194850330565
2022-12-22 15:44:55,,2022-12-22 15:44:55,,,"id:""220215_789078848_20221222-15:44:""","net_price:""99.4765""",,,3.0225,,258,3.020845921450151,3.0197895253682487,15:44:55,0.001654078549849114,0.0010563960819021112,5.867122755817902,0.0014946950926576718,-0.5825636846345106
2022-12-22 15:46:27,,2022-12-22 15:46:27,,,"id:""220215_923297362_20221222-15:46:""","net_price:""99.5379""",,,3.015,,92,3.0205285714285712,3.0188513219284605,15:46:27,-0.005528571428571105,0.0016772495001107224,-1.893110795236734,0.001705974309038094,-0.08544782916021089
2022-12-22 15:49:52,,2022-12-22 15:49:52,,,"id:""220215_1107847737_20221222-15:49""","net_price:""99.538""",,,3.015,,205,3.0184864864864864,3.0180812101910828,15:49:52,-0.0034864864864863065,0.00040527629540365595,-0.4148118341057961,0.0016464948703682758,-4.022832783312214
2022-12-22 15:51:03,,2022-12-22 15:51:03,,,"id:""220215_1242066352_20221222-15:51""","net_price:""99.5215""",,,3.017,,71,3.0153858695652174,3.0183178913738016,15:51:03,0.0016141304347825347,-0.0029320218085842065,1.7986188879955824,0.0013375281617332923,-7.936200732170951
2022-12-22 15:51:50,"company_id:""1""",2022-12-22 15:51:50,"deal_status:""0""","full_price:""100.8193""","id:""TPSHe1055513004491288580""","net_price:""99.538""","operate:""0""","pre_closePrice:""99.517""",3.015,"volume:""2000""",47,3.0154396284829725,3.01808618127786,15:51:50,-0.00043962848297240953,-0.002646552794887569,0.4423322594195792,0.00039000368053701,-1.755024658514059
2022-12-22 15:53:50,,2022-12-22 15:53:50,,,"id:""220215_1359507540_20221222-15:53""","net_price:""99.5584""",,,3.0125,,120,3.014643340857788,3.0172408575031526,15:53:50,-0.002143340857788001,-0.0025975166453644505,-0.31795624328008365,-0.00048793054521105715,-1.0966030469664683
2022-12-22 15:55:55,,2022-12-22 15:55:55,,,"id:""220215_1493726050_20221222-15:55""","net_price:""99.4969""",,,3.02,,125,3.0162865013774107,3.015707575757576,15:55:55,0.003713498622589295,0.000578925619834525,2.3243393561165195,-0.0012187130906643694,0.9501029956238406
2022-12-22 15:57:13,"company_id:""6""",2022-12-22 15:57:13,"deal_status:""0""","full_price:""100.7988""","id:""UEDA221222061024000000000053""","net_price:""99.5175""","operate:""1""","pre_closePrice:""99.456""",3.0175,"volume:""3000""",78,3.0166099071207433,3.0160247678018575,15:57:13,0.0008900928792567875,0.0005851393188858189,0.40282891357842693,-0.001438377866719609,1.2796395037480626
2022-12-22 15:58:28,"company_id:""3""",2022-12-22 15:58:28,"deal_status:""0""","full_price:""100.7988""","id:""BGC22021511009239611""","net_price:""99.5175""","operate:""1""","pre_closePrice:""99.517""",3.0175,"volume:""""",75,3.016777638190955,3.016178224687933,15:58:28,0.0007223618090450579,0.0005994135030218395,-0.002333618748577223,-0.0014024052620231764,1.2324112240808143
2022-12-22 15:58:45,"company_id:""1""",2022-12-22 15:58:45,"deal_status:""0""","full_price:""100.7988""","id:""TPSHe1055514744091455489""","net_price:""99.5175""","operate:""1""","pre_closePrice:""99.517""",3.0175,"volume:""2000""",17,3.0168072289156624,3.0162086720867207,15:58:45,0.0006927710843376289,0.0005985568289417209,0.07518355870038815,-0.0006961181997019672,0.8232731507675639
2022-12-22 15:59:46,,2022-12-22 15:59:46,,,"id:""220215_1745385465_20221222-15:59""","net_price:""99.4969""",,,3.02,,61,3.0188061797752805,3.0164981226533163,15:59:46,0.0011938202247194774,0.0023080571219642465,0.2259404572137565,-4.7096274936109236e-05,1.846839802103176
2022-12-22 15:59:54,"company_id:""5""",2022-12-22 15:59:54,"deal_status:""0""","full_price:""100.7988""","id:""TJXT221222052024000000000156""","net_price:""99.5175""","operate:""1""","pre_closePrice:""99.497""",3.0175,"volume:""1000""",8,3.0187774725274727,3.0170215946843855,15:59:54,-0.0012774725274726784,0.0017558778430872835,-2.3665217896712445,0.0009340184785296302,1.196190377963521
2022-12-22 15:59:59,"company_id:""3""",2022-12-22 15:59:59,"deal_status:""0""","full_price:""100.7783""","id:""BGC22021511009239638""","net_price:""99.497""","operate:""1""","pre_closePrice:""99.517""",3.02,"volume:""""",5,3.018794037940379,3.017046128500824,15:59:59,0.0012059620596209797,0.001747909439555162,0.8663961713243727,0.0011694089231801819,0.7972527685104072
2022-12-22 16:00:20,"company_id:""5""",2022-12-22 16:00:20,"deal_status:""0""","full_price:""100.803""","id:""TJXT221222052024000000000157""","net_price:""99.4974""","operate:""1""","pre_closePrice:""99.497""",3.02,"volume:""""",21,3.018858974358974,3.0171449044585987,16:00:20,0.0011410256410258057,0.0017140699003754811,0.6891565300608757,0.0014019629473140504,0.4547240901461268
2022-12-22 16:00:26,"company_id:""3""",2022-12-22 16:00:26,"deal_status:""0""","full_price:""100.7783""","id:""BGC22021511009239655""","net_price:""99.497""","operate:""1""","pre_closePrice:""99.517""",3.02,"volume:""""",6,3.018876262626262,3.017171924290221,16:00:26,0.001123737373737832,0.0017043383360411113,0.5584958451202495,0.0016248942267847789,0.14221310591616332
2022-12-22 16:00:59,,2022-12-22 16:00:59,,,"id:""220215_1795718154_20221222-16:00""","net_price:""99.4969""",,,3.02,,33,3.0185361842105265,3.017311844077961,16:00:59,0.0014638157894735215,0.001224340132565338,0.8041467257151907,0.0018460505282046568,-2.6818093165051744
2022-12-22 16:01:04,,2022-12-22 16:01:04,,,"id:""220215_1862827391_20221222-16:01""","net_price:""99.497""",,,3.02,,5,3.018559870550162,3.0173710482529117,16:01:04,0.001440129449838068,0.0011888222972502582,0.7004342896227823,0.0016293071303248752,-2.1653914507949654
2022-12-22 16:01:22,"company_id:""4""",2022-12-22 16:01:22,"deal_status:""0""","full_price:""100.7783""","id:""PATRe1055515402464964610""","net_price:""99.497""","operate:""1""","pre_closePrice:""99.517""",3.02,"volume:""""",18,3.018639143730887,3.017447495961228,16:01:22,0.0013608562691129755,0.0011916477696591876,0.5832379940095306,0.0015158960211574702,-1.2805124781135602
2022-12-22 16:01:56,"company_id:""5""",2022-12-22 16:01:56,"deal_status:""0""","full_price:""100.7783""","id:""TJXT221222052024000000000158""","net_price:""99.497""","operate:""1""","pre_closePrice:""99.497""",3.02,"volume:""3000""",34,3.018767313019391,3.0177805280528056,16:01:56,0.0012326869806091878,0.000986784966585219,-0.5021085729056515,0.0014046436871782753,-1.6781150773371107
2022-12-22 16:02:14,"company_id:""1""",2022-12-22 16:02:14,"deal_status:""0""","full_price:""100.7783""","id:""TPSHe1055515621292388353""","net_price:""99.497""","operate:""1""","pre_closePrice:""99.517""",3.02,"volume:""1000""",18,3.0191694352159466,3.0178445512820518,16:02:14,0.0008305647840534114,0.0013248839338948493,-3.835499293912449,0.001259186700420223,0.27610235367196084
2022-12-22 16:04:29,,2022-12-22 16:04:29,,,"id:""220215_2047377705_20221222-16:04""","net_price:""99.456""",,,3.025,,135,3.0219040697674413,3.0203599374021914,16:04:29,0.003095930232558608,0.0015441323652498617,7.888682863222857,0.0011832958199909705,3.2817254384282633
2022-12-22 16:06:41,"company_id:""1""",2022-12-22 16:06:41,"deal_status:""0""","full_price:""100.7783""","id:""TPSHe1055516740949258244""","net_price:""99.497""","operate:""0""","pre_closePrice:""99.517""",3.02,"volume:""3000""",132,3.022115987460815,3.020356037151703,16:06:41,-0.002115987460814761,0.0017599503091116908,-4.749824761114938,0.0012472542665278752,2.792720566103804
2022-12-22 16:17:23,,2022-12-22 16:17:23,,,"id:""220215_721981500_20221222-16:17:""","net_price:""99.5216""",,,3.017,,642,3.017,3.017,16:17:23,0.0,0.0,-0.521850575329202,0.0013614798689001617,-5.054881901629352
2022-12-22 16:22:45,"company_id:""1""",2022-12-22 16:22:45,"deal_status:""0""","full_price:""100.7783""","id:""TPSHe1055520782085664769""","net_price:""99.497""","operate:""0""","pre_closePrice:""99.517""",3.02,"volume:""3000""",322,3.02,3.018002074688797,16:22:45,0.0,0.0019979253112030193,-0.35840337573530184,0.0011231503149683243,1.4177676734430325
2022-12-22 16:24:08,"company_id:""3""",2022-12-22 16:24:08,"deal_status:""0""","full_price:""100.7783""","id:""BGC22021511009240044""","net_price:""99.497""","operate:""0""","pre_closePrice:""99.517""",3.02,"volume:""""",83,3.0200000000000005,3.018160458452722,16:24:08,-4.440892098500626e-16,0.0018395415472785004,-0.21565555912907294,0.0013253783838918843,0.7351712156524862
2022-12-22 16:27:17,"company_id:""1""",2022-12-22 16:27:17,"deal_status:""0""","full_price:""100.7783""","id:""TPSHe1055521925054476289""","net_price:""99.497""","operate:""0""","pre_closePrice:""99.517""",3.02,"volume:""2000""",189,3.02,3.0184417475728154,16:27:17,0.0,0.0015582524271846587,-0.11767262880181388,0.0014283099065686145,0.17825307631444817
2022-12-22 16:27:19,"company_id:""3""",2022-12-22 16:27:19,"deal_status:""0""","full_price:""100.7783""","id:""BGC22021511009240099""","net_price:""99.497""","operate:""0""","pre_closePrice:""99.517""",3.02,"volume:""""",2,3.02,3.018444264943457,16:27:19,0.0,0.0015557350565429395,0.5000000000001311,0.0014311339189555738,0.17081562318821908
2022-12-22 16:29:18,"company_id:""3""",2022-12-22 16:29:18,"deal_status:""0""","full_price:""100.7783""","id:""BGC22021511009240152""","net_price:""99.497""","operate:""0""","pre_closePrice:""99.517""",3.02,"volume:""""",119,3.02,3.0200000000000005,16:29:18,0.0,-4.440892098500626e-16,,0.0013902908684418236,-1.9431661507345461
2022-12-22 16:29:35,"company_id:""1""",2022-12-22 16:29:35,"deal_status:""0""","full_price:""100.7783""","id:""TPSHe1055522503318974465""","net_price:""99.497""","operate:""0""","pre_closePrice:""99.517""",3.02,"volume:""2000""",17,3.02,3.02,16:29:35,0.0,0.0,,0.0013902908684417347,-1.9431661507333324
2022-12-22 16:30:10,"company_id:""3""",2022-12-22 16:30:10,"deal_status:""0""","full_price:""100.7579""","id:""BGC22021511009240175""","net_price:""99.4766""","operate:""1""","pre_closePrice:""99.517""",3.0225,"volume:""""",35,3.020241712707182,3.0201140808344196,16:30:10,0.002258287292817851,0.00012763187276254584,,0.000990705806201131,-1.0583874143312668
2022-12-22 16:31:10,,2022-12-22 16:31:10,,,"id:""220215_1594405456_20221222-16:31""","net_price:""99.497""",,,3.02,,60,3.020207345971564,3.0201058041112456,16:31:10,-0.00020734597156391033,0.00010154186031829937,-0.7295389654621717,0.00064832387129794,-0.7355265178312547
2022-12-22 16:41:23,"company_id:""1""",2022-12-22 16:41:23,"deal_status:""0""","full_price:""100.7783""","id:""TPSHe1055525472882012161""","net_price:""99.497""","operate:""0""","pre_closePrice:""99.517""",3.02,"volume:""5000""",613,3.02,3.02,16:41:23,0.0,0.0,-0.44223604820425694,0.00035698175792466815,-0.5933676336194426
2022-12-22 16:41:23,"company_id:""1""",2022-12-22 16:41:23,"deal_status:""0""","full_price:""100.7783""","id:""TPSHe1055525472865234945""","net_price:""99.497""","operate:""0""","pre_closePrice:""99.517""",3.02,"volume:""3000""",0,3.02,3.02,16:41:23,0.0,0.0,-0.44223604820425694,4.583474661608022e-05,-0.8078184752014969
2022-12-22 16:41:44,,2022-12-22 16:41:44,,,"id:""220215_84463089_20221222-16:41:4""","net_price:""99.497""",,,3.02,,21,3.02,3.02,16:41:44,0.0,0.0,-0.44223604820425694,4.5834746616169045e-05,-0.8078184752040839
2022-12-22 16:42:11,,2022-12-22 16:42:11,,,"id:""220215_151572261_20221222-16:42:""","net_price:""99.497""",,,3.02,,27,3.02,3.02,16:42:11,0.0,0.0,-0.44223604820425694,4.5834746616169045e-05,-0.8078184752040839
2022-12-22 16:51:57,"company_id:""1""",2022-12-22 16:51:57,"deal_status:""0""","full_price:""100.7783""","id:""TPSHe1055528133761052673""","net_price:""99.497""","operate:""1""","pre_closePrice:""99.517""",3.02,"volume:""2000""",586,3.02,3.02,16:51:57,0.0,0.0,0.5000000000000333,2.0308372063659873e-05,-0.5000000000021996
2022-12-22 16:52:59,,2022-12-22 16:52:59,,,"id:""220215_772333494_20221222-16:52:""","net_price:""99.4928""",,,3.0205,,62,3.020047839506173,3.020047839506173,16:52:59,0.0004521604938272361,0.0,,0.0,-0.5000000000021996
2022-12-22 16:53:37,"company_id:""3""",2022-12-22 16:53:37,"deal_status:""0""","full_price:""100.7579""","id:""BGC22021511009240416""","net_price:""99.4766""","operate:""1""","pre_closePrice:""99.517""",3.0225,"volume:""""",38,3.0201836734693877,3.0201836734693877,16:53:37,0.0023163265306123115,0.0,12.30699310440746,0.0,-0.5000000000021996
2022-12-22 16:58:34,"company_id:""1""",2022-12-22 16:58:34,"deal_status:""0""","full_price:""100.7702""","id:""TPSHe1055529797427539972""","net_price:""99.4889""","operate:""0""","pre_closePrice:""99.517""",3.021,"volume:""1000""",297,3.021170149253731,3.0204303153611396,16:58:34,-0.00017014925373093348,0.0007398338925912462,-0.8055766089721775,0.0,-0.5000000000021996
2022-12-22 16:58:54,,2022-12-22 16:58:54,,,"id:""220215_1158211289_20221222-16:58""","net_price:""99.4889""",,,3.021,,20,3.021,3.020441674975075,16:58:54,0.0,0.0005583250249250327,-0.5637583204000284,0.00014796677851824924,1.3866566891439325
2022-12-22 17:01:14,"company_id:""5""",2022-12-22 17:01:14,"deal_status:""0""","full_price:""100.7702""","id:""TJXT221222052024000000000175""","net_price:""99.4889""","operate:""1""","pre_closePrice:""99.497""",3.021,"volume:""2000""",140,3.021,3.020510061242345,17:01:14,0.0,0.0004899387576551284,-0.5637583204000284,0.0002596317835032558,0.7127564480462046
2022-12-22 17:01:15,"company_id:""5""",2022-12-22 17:01:15,"deal_status:""6""","full_price:""100.5117""","id:""TJXT221222052024000000000176""","net_price:""99.0925""","operate:""1""","pre_closePrice:""99.497""",3.07,"volume:""5000""",1,3.021106986899563,3.020553321678322,17:01:15,0.04889301310043681,0.0005536652212412285,52.47754226709379,0.00035761953503428147,0.6465808332480901
2022-12-22 17:03:38,,2022-12-22 17:03:38,,,"id:""220215_1460204377_20221222-17:03""","net_price:""99.1378""",,,3.064,,143,3.041388157894737,3.031312811980033,17:03:38,0.022611842105263236,0.010075345914703604,0.6405534640896244,0.00046835257928252717,38.651531412929444
2022-12-22 17:06:16,"company_id:""2""",2022-12-22 17:06:16,"deal_status:""0""","full_price:""100.7783""","id:""ICAP2202157000579894""","net_price:""99.497""","operate:""0""","pre_closePrice:""99.497""",3.02,"volume:""""",158,3.04090365448505,3.028957839262187,17:06:16,-0.020903654485049827,0.011945815222862866,-1.8117993399297476,0.002483421762223248,2.4921522424391305
2022-12-22 17:07:59,"company_id:""3""",2022-12-22 17:07:59,"deal_status:""0""","full_price:""100.7783""","id:""BGC22021511009240598""","net_price:""99.497""","operate:""0""","pre_closePrice:""99.517""",3.02,"volume:""""",103,3.035574257425743,3.0278874709976797,17:07:59,-0.015574257425742921,0.007686786428063197,-1.0806527134087471,0.004724618028277572,0.5733420127780101
2022-12-22 17:08:33,"company_id:""1""",2022-12-22 17:08:33,"deal_status:""0""","full_price:""100.803""","id:""TPSHe1055532308796420100""","net_price:""99.4974""","operate:""0""","pre_closePrice:""99.517""",3.02,"volume:""3000""",34,3.0343652968036534,3.0275881696428573,17:08:33,-0.014365296803653393,0.006777127160796148,-0.8273565485087715,0.006150310308905204,0.13086158809105872
2022-12-22 17:13:18,"company_id:""3""",2022-12-22 17:13:18,"deal_status:""0""","full_price:""100.7783""","id:""BGC22021511009240642""","net_price:""99.497""","operate:""1""","pre_closePrice:""99.517""",3.02,"volume:""""",285,3.0200000000000005,3.028702627939143,17:13:18,-4.440892098500626e-16,-0.008702627939142449,-0.15185977330031306,0.0074077479895334085,-4.155137151142657
2022-12-22 17:13:18,"company_id:""3""",2022-12-22 17:13:18,"deal_status:""0""","full_price:""100.7783""","id:""BGC22021511009240647""","net_price:""99.497""","operate:""1""","pre_closePrice:""99.517""",3.02,"volume:""""",0,3.02,3.028702627939143,17:13:18,0.0,-0.008702627939142893,0.35886076161002617,0.005556489357456673,-1.9382887891899598
2022-12-22 17:24:15,"company_id:""3""",2022-12-22 17:24:15,"deal_status:""0""","full_price:""100.7783""","id:""BGC22021511009240733""","net_price:""99.497""","operate:""1""","pre_closePrice:""99.517""",3.02,"volume:""""",657,3.02,3.02,17:24:15,0.0,0.0,1.1838807505179356,0.0018008945866873737,-0.2057731235036616
2022-12-22 17:31:59,"company_id:""1""",2022-12-22 17:31:59,"deal_status:""0""","full_price:""100.7579""","id:""TPSHe1055538208714141697""","net_price:""99.4766""","operate:""1""","pre_closePrice:""99.517""",3.0225,"volume:""1000""",464,3.0225,3.0210347903657446,17:31:59,0.0,0.0014652096342553378,0.8153893895284426,-0.0005882684578851993,0.28768137960637613
